time_s,voltage_V,code_signed_est
0.0,-0.000145,-29
0.002778,-0.000145,-29
0.005556,-0.000145,-29
0.008333,-0.000145,-29
0.011111,-0.000145,-29
0.013889,-0.000145,-29
0.016667,-0.000145,-29
0.019444,-0.000145,-29
0.022222,-0.00012,-24
0.025,-0.000135,-27
0.027778,-0.000145,-29
0.030556,-0.00015,-30
0.033333,-0.00016,-32
0.036111,-0.000155,-31
0.038889,-0.00016,-32
0.041667,-0.000175,-35
0.044444,-0.00018,-36
0.047222,-0.000185,-37
0.05,-0.00017,-34
0.052778,-0.000155,-31
0.055556,-0.000175,-35
0.058333,-0.00018,-36
0.061111,-0.00019,-38
0.063889,-0.00018,-36
0.066667,-0.000155,-31
0.069444,-0.000135,-27
0.072222,-0.000155,-31
0.075,-0.00019,-38
0.077778,-0.000205,-41
0.080556,-0.000235,-47
0.083333,-0.000225,-45
0.086111,-0.000245,-49
0.088889,-0.00025,-50
0.091667,-0.00026,-52
0.094444,-0.000275,-55
0.097222,-0.000275,-55
0.1,-0.000275,-55
0.102778,-0.000265,-53
0.105556,-0.000255,-51
0.108333,-0.000265,-53
0.111111,-0.000275,-55
0.113889,-0.00029,-58
0.116667,-0.00029,-58
0.119444,-0.00029,-58
0.122222,-0.00029,-58
0.125,-0.000285,-57
0.127778,-0.000295,-59
0.130556,-0.000305,-61
0.133333,-0.000285,-57
0.136111,-0.000275,-55
0.138889,-0.000275,-55
0.141667,-0.00028,-56
0.144444,-0.000285,-57
0.147222,-0.000305,-61
0.15,-0.00029,-58
0.152778,-0.0003,-60
0.155556,-0.00028,-56
0.158333,-0.00029,-58
0.161111,-0.0003,-60
0.163889,-0.000315,-63
0.166667,-0.00032,-64
0.169444,-0.000335,-67
0.172222,-0.00036,-72
0.175,-0.000385,-77
0.177778,-0.000385,-77
0.180556,-0.000405,-81
0.183333,-0.000455,-91
0.186111,-0.000485,-97
0.188889,-0.000485,-97
0.191667,-0.000425,-85
0.194444,-0.00033,-66
0.197222,-0.00022,-44
0.2,-7e-05,-14
0.202778,0.00012,24
0.205556,0.000375,75
0.208333,0.00062,124
0.211111,0.00078,156
0.213889,0.00084,168
0.216667,0.000765,153
0.219444,0.00052,104
0.222222,0.00017,34
0.225,-0.000165,-33
0.227778,-0.000365,-73
0.230556,-0.000435,-87
0.233333,-0.000425,-85
0.236111,-0.00037,-74
0.238889,-0.00033,-66
0.241667,-0.000325,-65
0.244444,-0.000335,-67
0.247222,-0.000345,-69
0.25,-0.00033,-66
0.252778,-0.000325,-65
0.255556,-0.000315,-63
0.258333,-0.00031,-62
0.261111,-0.00032,-64
0.263889,-0.000335,-67
0.266667,-0.00034,-68
0.269444,-0.000325,-65
0.272222,-0.000345,-69
0.275,-0.000335,-67
0.277778,-0.00033,-66
0.280556,-0.000335,-67
0.283333,-0.00033,-66
0.286111,-0.000325,-65
0.288889,-0.00033,-66
0.291667,-0.00033,-66
0.294444,-0.000345,-69
0.297222,-0.000355,-71
0.3,-0.000335,-67
0.302778,-0.000325,-65
0.305556,-0.000305,-61
0.308333,-0.00032,-64
0.311111,-0.00032,-64
0.313889,-0.00033,-66
0.316667,-0.00034,-68
0.319444,-0.000335,-67
0.322222,-0.00034,-68
0.325,-0.000345,-69
0.327778,-0.000355,-71
0.330556,-0.000355,-71
0.333333,-0.00034,-68
0.336111,-0.00033,-66
0.338889,-0.00033,-66
0.341667,-0.00033,-66
0.344444,-0.00034,-68
0.347222,-0.00035,-70
0.35,-0.000325,-65
0.352778,-0.000325,-65
0.355556,-0.00033,-66
0.358333,-0.00033,-66
0.361111,-0.000335,-67
0.363889,-0.000335,-67
0.366667,-0.00034,-68
0.369444,-0.00033,-66
0.372222,-0.00034,-68
0.375,-0.00035,-70
0.377778,-0.000355,-71
0.380556,-0.00035,-70
0.383333,-0.000345,-69
0.386111,-0.00033,-66
0.388889,-0.00032,-64
0.391667,-0.000335,-67
0.394444,-0.00033,-66
0.397222,-0.000345,-69
0.4,-0.00033,-66
0.402778,-0.000335,-67
0.405556,-0.000335,-67
0.408333,-0.000345,-69
0.411111,-0.000345,-69
0.413889,-0.000355,-71
0.416667,-0.00034,-68
0.419444,-0.00034,-68
0.422222,-0.000335,-67
0.425,-0.00033,-66
0.427778,-0.00035,-70
0.430556,-0.00035,-70
0.433333,-0.000345,-69
0.436111,-0.000335,-67
0.438889,-0.000335,-67
0.441667,-0.000335,-67
0.444444,-0.00035,-70
0.447222,-0.000355,-71
0.45,-0.000355,-71
0.452778,-0.000345,-69
0.455556,-0.000345,-69
0.458333,-0.000335,-67
0.461111,-0.00035,-70
0.463889,-0.00036,-72
0.466667,-0.00036,-72
0.469444,-0.00036,-72
0.472222,-0.000365,-73
0.475,-0.00036,-72
0.477778,-0.00037,-74
0.480556,-0.000385,-77
0.483333,-0.00037,-74
0.486111,-0.00036,-72
0.488889,-0.000355,-71
0.491667,-0.00036,-72
0.494444,-0.000375,-75
0.497222,-0.000375,-75
0.5,-0.000365,-73
0.502778,-0.000365,-73
0.505556,-0.00036,-72
0.508333,-0.00036,-72
0.511111,-0.000365,-73
0.513889,-0.00037,-74
0.516667,-0.000355,-71
0.519444,-0.00033,-66
0.522222,-0.000325,-65
0.525,-0.000325,-65
0.527778,-0.000335,-67
0.530556,-0.00034,-68
0.533333,-0.000315,-63
0.536111,-0.0003,-60
0.538889,-0.0003,-60
0.541667,-0.00029,-58
0.544444,-0.000295,-59
0.547222,-0.00029,-58
0.55,-0.000285,-57
0.552778,-0.000275,-55
0.555556,-0.000255,-51
0.558333,-0.00025,-50
0.561111,-0.00025,-50
0.563889,-0.000265,-53
0.566667,-0.000255,-51
0.569444,-0.000245,-49
0.572222,-0.00023,-46
0.575,-0.000245,-49
0.577778,-0.000245,-49
0.580556,-0.000255,-51
0.583333,-0.000255,-51
0.586111,-0.00024,-48
0.588889,-0.00025,-50
0.591667,-0.000255,-51
0.594444,-0.000245,-49
0.597222,-0.000255,-51
0.6,-0.00025,-50
0.602778,-0.00025,-50
0.605556,-0.000265,-53
0.608333,-0.00026,-52
0.611111,-0.00026,-52
0.613889,-0.000265,-53
0.616667,-0.00027,-54
0.619444,-0.000265,-53
0.622222,-0.00026,-52
0.625,-0.000275,-55
0.627778,-0.00028,-56
0.630556,-0.00029,-58
0.633333,-0.000275,-55
0.636111,-0.00027,-54
0.638889,-0.00026,-52
0.641667,-0.00028,-56
0.644444,-0.00028,-56
0.647222,-0.000285,-57
0.65,-0.000275,-55
0.652778,-0.000275,-55
0.655556,-0.000265,-53
0.658333,-0.00027,-54
0.661111,-0.000285,-57
0.663889,-0.00029,-58
0.666667,-0.00028,-56
0.669444,-0.000275,-55
0.672222,-0.000285,-57
0.675,-0.00028,-56
0.677778,-0.0003,-60
0.680556,-0.0003,-60
0.683333,-0.000305,-61
0.686111,-0.000295,-59
0.688889,-0.0003,-60
0.691667,-0.00031,-62
0.694444,-0.00031,-62
0.697222,-0.000305,-61
0.7,-0.000295,-59
0.702778,-0.000285,-57
0.705556,-0.000285,-57
0.708333,-0.00029,-58
0.711111,-0.000295,-59
0.713889,-0.00031,-62
0.716667,-0.00029,-58
0.719444,-0.000295,-59
0.722222,-0.0003,-60
0.725,-0.000305,-61
0.727778,-0.00031,-62
0.730556,-0.000325,-65
0.733333,-0.00031,-62
0.736111,-0.0003,-60
0.738889,-0.00029,-58
0.741667,-0.00031,-62
0.744444,-0.000325,-65
0.747222,-0.00033,-66
0.75,-0.000315,-63
0.752778,-0.0003,-60
0.755556,-0.000305,-61
0.758333,-0.00031,-62
0.761111,-0.00032,-64
0.763889,-0.00033,-66
0.766667,-0.000325,-65
0.769444,-0.000315,-63
0.772222,-0.00031,-62
0.775,-0.000305,-61
0.777778,-0.000305,-61
0.780556,-0.00031,-62
0.783333,-0.0003,-60
0.786111,-0.000305,-61
0.788889,-0.00029,-58
0.791667,-0.0003,-60
0.794444,-0.0003,-60
0.797222,-0.000305,-61
0.8,-0.000305,-61
0.802778,-0.00029,-58
0.805556,-0.00028,-56
0.808333,-0.000295,-59
0.811111,-0.000305,-61
0.813889,-0.000315,-63
0.816667,-0.000305,-61
0.819444,-0.000295,-59
0.822222,-0.00029,-58
0.825,-0.00028,-56
0.827778,-0.00027,-54
0.830556,-0.000275,-55
0.833333,-0.000275,-55
0.836111,-0.00027,-54
0.838889,-0.00025,-50
0.841667,-0.00025,-50
0.844444,-0.000255,-51
0.847222,-0.000225,-45
0.85,-0.00022,-44
0.852778,-0.000205,-41
0.855556,-0.0002,-40
0.858333,-0.000205,-41
0.861111,-0.000215,-43
0.863889,-0.00023,-46
0.866667,-0.00022,-44
0.869444,-0.000225,-45
0.872222,-0.000225,-45
0.875,-0.000225,-45
0.877778,-0.00023,-46
0.880556,-0.000235,-47
0.883333,-0.00024,-48
0.886111,-0.000235,-47
0.888889,-0.00022,-44
0.891667,-0.00021,-42
0.894444,-0.000205,-41
0.897222,-0.000245,-49
0.9,-0.000285,-57
0.902778,-0.000285,-57
0.905556,-0.0003,-60
0.908333,-0.00031,-62
0.911111,-0.00033,-66
0.913889,-0.00033,-66
0.916667,-0.000325,-65
0.919444,-0.000315,-63
0.922222,-0.00032,-64
0.925,-0.000315,-63
0.927778,-0.000325,-65
0.930556,-0.00034,-68
0.933333,-0.000345,-69
0.936111,-0.00034,-68
0.938889,-0.00034,-68
0.941667,-0.00035,-70
0.944444,-0.000345,-69
0.947222,-0.000355,-71
0.95,-0.00033,-66
0.952778,-0.000335,-67
0.955556,-0.00033,-66
0.958333,-0.00032,-64
0.961111,-0.000345,-69
0.963889,-0.000355,-71
0.966667,-0.00034,-68
0.969444,-0.00033,-66
0.972222,-0.000325,-65
0.975,-0.00033,-66
0.977778,-0.00035,-70
0.980556,-0.000365,-73
0.983333,-0.00036,-72
0.986111,-0.00038,-76
0.988889,-0.000425,-85
0.991667,-0.000445,-89
0.994444,-0.000475,-95
0.997222,-0.00051,-102
1.0,-0.000535,-107
1.002778,-0.000505,-101
1.005556,-0.000415,-83
1.008333,-0.0003,-60
1.011111,-0.00016,-32
1.013889,-1.5e-05,-3
1.016667,0.000235,47
1.019444,0.00049,98
1.022222,0.00072,144
1.025,0.000875,175
1.027778,0.00094,188
1.030556,0.000905,181
1.033333,0.000755,151
1.036111,0.00049,98
1.038889,0.000165,33
1.041667,-0.00011,-22
1.044444,-0.00027,-54
1.047222,-0.00039,-78
1.05,-0.00045,-90
1.052778,-0.000475,-95
1.055556,-0.000455,-91
1.058333,-0.000425,-85
1.061111,-0.00039,-78
1.063889,-0.00039,-78
1.066667,-0.000385,-77
1.069444,-0.00039,-78
1.072222,-0.00038,-76
1.075,-0.00038,-76
1.077778,-0.00038,-76
1.080556,-0.000395,-79
1.083333,-0.000385,-77
1.086111,-0.000385,-77
1.088889,-0.000385,-77
1.091667,-0.000375,-75
1.094444,-0.000395,-79
1.097222,-0.00041,-82
1.1,-0.00041,-82
1.102778,-0.0004,-80
1.105556,-0.000395,-79
1.108333,-0.00039,-78
1.111111,-0.000405,-81
1.113889,-0.000395,-79
1.116667,-0.000385,-77
1.119444,-0.000375,-75
1.122222,-0.00039,-78
1.125,-0.00039,-78
1.127778,-0.000405,-81
1.130556,-0.00041,-82
1.133333,-0.00041,-82
1.136111,-0.00039,-78
1.138889,-0.00039,-78
1.141667,-0.000395,-79
1.144444,-0.000405,-81
1.147222,-0.000415,-83
1.15,-0.0004,-80
1.152778,-0.00041,-82
1.155556,-0.000405,-81
1.158333,-0.00041,-82
1.161111,-0.000415,-83
1.163889,-0.00041,-82
1.166667,-0.0004,-80
1.169444,-0.0004,-80
1.172222,-0.000395,-79
1.175,-0.00039,-78
1.177778,-0.000405,-81
1.180556,-0.00041,-82
1.183333,-0.00039,-78
1.186111,-0.00039,-78
1.188889,-0.000385,-77
1.191667,-0.000385,-77
1.194444,-0.00041,-82
1.197222,-0.000405,-81
1.2,-0.000395,-79
1.202778,-0.00039,-78
1.205556,-0.000375,-75
1.208333,-0.00039,-78
1.211111,-0.000395,-79
1.213889,-0.00041,-82
1.216667,-0.0004,-80
1.219444,-0.00039,-78
1.222222,-0.00039,-78
1.225,-0.000385,-77
1.227778,-0.000405,-81
1.230556,-0.000415,-83
1.233333,-0.000415,-83
1.236111,-0.0004,-80
1.238889,-0.000395,-79
1.241667,-0.000405,-81
1.244444,-0.000415,-83
1.247222,-0.00042,-84
1.25,-0.00042,-84
1.252778,-0.00041,-82
1.255556,-0.000415,-83
1.258333,-0.000425,-85
1.261111,-0.00042,-84
1.263889,-0.000435,-87
1.266667,-0.00043,-86
1.269444,-0.00043,-86
1.272222,-0.00042,-84
1.275,-0.00043,-86
1.277778,-0.00045,-90
1.280556,-0.000455,-91
1.283333,-0.00045,-90
1.286111,-0.000435,-87
1.288889,-0.000445,-89
1.291667,-0.00045,-90
1.294444,-0.000455,-91
1.297222,-0.00047,-94
1.3,-0.00046,-92
1.302778,-0.000455,-91
1.305556,-0.00045,-90
1.308333,-0.000455,-91
1.311111,-0.00047,-94
1.313889,-0.000475,-95
1.316667,-0.00046,-92
1.319444,-0.00045,-90
1.322222,-0.000445,-89
1.325,-0.00044,-88
1.327778,-0.000435,-87
1.330556,-0.00044,-88
1.333333,-0.00041,-82
1.336111,-0.000395,-79
1.338889,-0.00037,-74
1.341667,-0.000365,-73
1.344444,-0.00036,-72
1.347222,-0.000365,-73
1.35,-0.00034,-68
1.352778,-0.000325,-65
1.355556,-0.000315,-63
1.358333,-0.00032,-64
1.361111,-0.00033,-66
1.363889,-0.00033,-66
1.366667,-0.00032,-64
1.369444,-0.00031,-62
1.372222,-0.0003,-60
1.375,-0.0003,-60
1.377778,-0.00032,-64
1.380556,-0.00032,-64
1.383333,-0.000315,-63
1.386111,-0.000305,-61
1.388889,-0.000305,-61
1.391667,-0.000295,-59
1.394444,-0.00032,-64
1.397222,-0.00033,-66
1.4,-0.000305,-61
1.402778,-0.00031,-62
1.405556,-0.0003,-60
1.408333,-0.0003,-60
1.411111,-0.00032,-64
1.413889,-0.000325,-65
1.416667,-0.00031,-62
1.419444,-0.000305,-61
1.422222,-0.000315,-63
1.425,-0.000305,-61
1.427778,-0.000315,-63
1.430556,-0.000315,-63
1.433333,-0.00031,-62
1.436111,-0.000295,-59
1.438889,-0.00029,-58
1.441667,-0.000305,-61
1.444444,-0.00031,-62
1.447222,-0.00032,-64
1.45,-0.000315,-63
1.452778,-0.0003,-60
1.455556,-0.000315,-63
1.458333,-0.000315,-63
1.461111,-0.000315,-63
1.463889,-0.00033,-66
1.466667,-0.000315,-63
1.469444,-0.00032,-64
1.472222,-0.000315,-63
1.475,-0.000325,-65
1.477778,-0.000335,-67
1.480556,-0.00034,-68
1.483333,-0.000335,-67
1.486111,-0.000335,-67
1.488889,-0.00033,-66
1.491667,-0.000325,-65
1.494444,-0.000345,-69
1.497222,-0.00035,-70
1.5,-0.000345,-69
1.502778,-0.000335,-67
1.505556,-0.00033,-66
1.508333,-0.00033,-66
1.511111,-0.000345,-69
1.513889,-0.000345,-69
1.516667,-0.000345,-69
1.519444,-0.00032,-64
1.522222,-0.00033,-66
1.525,-0.000335,-67
1.527778,-0.00034,-68
1.530556,-0.000355,-71
1.533333,-0.000335,-67
1.536111,-0.00033,-66
1.538889,-0.00033,-66
1.541667,-0.000335,-67
1.544444,-0.000355,-71
1.547222,-0.00036,-72
1.55,-0.000355,-71
1.552778,-0.00035,-70
1.555556,-0.00034,-68
1.558333,-0.000345,-69
1.561111,-0.000345,-69
1.563889,-0.000345,-69
1.566667,-0.000345,-69
1.569444,-0.00033,-66
1.572222,-0.00033,-66
1.575,-0.000335,-67
1.577778,-0.000345,-69
1.580556,-0.00035,-70
1.583333,-0.00035,-70
1.586111,-0.00034,-68
1.588889,-0.00033,-66
1.591667,-0.000345,-69
1.594444,-0.000345,-69
1.597222,-0.000355,-71
1.6,-0.00035,-70
1.602778,-0.00034,-68
1.605556,-0.00033,-66
1.608333,-0.00034,-68
1.611111,-0.00034,-68
1.613889,-0.00034,-68
1.616667,-0.00033,-66
1.619444,-0.000335,-67
1.622222,-0.00033,-66
1.625,-0.000335,-67
1.627778,-0.000345,-69
1.630556,-0.000345,-69
1.633333,-0.00034,-68
1.636111,-0.00033,-66
1.638889,-0.000315,-63
1.641667,-0.000295,-59
1.644444,-0.0003,-60
1.647222,-0.000295,-59
1.65,-0.000285,-57
1.652778,-0.000275,-55
1.655556,-0.000265,-53
1.658333,-0.000265,-53
1.661111,-0.000265,-53
1.663889,-0.000255,-51
1.666667,-0.00025,-50
1.669444,-0.00024,-48
1.672222,-0.000225,-45
1.675,-0.000215,-43
1.677778,-0.00024,-48
1.680556,-0.000245,-49
1.683333,-0.00024,-48
1.686111,-0.000245,-49
1.688889,-0.000235,-47
1.691667,-0.000245,-49
1.694444,-0.00025,-50
1.697222,-0.000275,-55
1.7,-0.000275,-55
1.702778,-0.000265,-53
1.705556,-0.00025,-50
1.708333,-0.000225,-45
1.711111,-0.00022,-44
1.713889,-0.00023,-46
1.716667,-0.000265,-53
1.719444,-0.00027,-54
1.722222,-0.00028,-56
1.725,-0.000285,-57
1.727778,-0.000305,-61
1.730556,-0.00032,-64
1.733333,-0.00034,-68
1.736111,-0.00033,-66
1.738889,-0.000335,-67
1.741667,-0.000335,-67
1.744444,-0.000355,-71
1.747222,-0.00037,-74
1.75,-0.00036,-72
1.752778,-0.000345,-69
1.755556,-0.00035,-70
1.758333,-0.000355,-71
1.761111,-0.000365,-73
1.763889,-0.000375,-75
1.766667,-0.00038,-76
1.769444,-0.00037,-74
1.772222,-0.000365,-73
1.775,-0.000365,-73
1.777778,-0.00038,-76
1.780556,-0.000385,-77
1.783333,-0.00038,-76
1.786111,-0.000375,-75
1.788889,-0.000355,-71
1.791667,-0.00037,-74
1.794444,-0.00039,-78
1.797222,-0.000405,-81
1.8,-0.00041,-82
1.802778,-0.000435,-87
1.805556,-0.000465,-93
1.808333,-0.00049,-98
1.811111,-0.00052,-104
1.813889,-0.000555,-111
1.816667,-0.00057,-114
1.819444,-0.000525,-105
1.822222,-0.000405,-81
1.825,-0.00025,-50
1.827778,-9e-05,-18
1.830556,0.00012,24
1.833333,0.00041,82
1.836111,0.00069,138
1.838889,0.000885,177
1.841667,0.00096,192
1.844444,0.00085,170
1.847222,0.00052,104
1.85,5e-05,10
1.852778,-0.00032,-64
1.855556,-0.0005,-100
1.858333,-0.000505,-101
1.861111,-0.000445,-89
1.863889,-0.000415,-83
1.866667,-0.000395,-79
1.869444,-0.00039,-78
1.872222,-0.000395,-79
1.875,-0.00039,-78
1.877778,-0.000395,-79
1.880556,-0.000405,-81
1.883333,-0.000395,-79
1.886111,-0.000405,-81
1.888889,-0.00039,-78
1.891667,-0.000395,-79
1.894444,-0.000395,-79
1.897222,-0.00041,-82
1.9,-0.000405,-81
1.902778,-0.0004,-80
1.905556,-0.0004,-80
1.908333,-0.000415,-83
1.911111,-0.000405,-81
1.913889,-0.00042,-84
1.916667,-0.000415,-83
1.919444,-0.000405,-81
1.922222,-0.000405,-81
1.925,-0.00042,-84
1.927778,-0.00042,-84
1.930556,-0.000435,-87
1.933333,-0.00042,-84
1.936111,-0.00041,-82
1.938889,-0.00041,-82
1.941667,-0.000405,-81
1.944444,-0.000425,-85
1.947222,-0.00043,-86
1.95,-0.00042,-84
1.952778,-0.000415,-83
1.955556,-0.00041,-82
1.958333,-0.00041,-82
1.961111,-0.000425,-85
1.963889,-0.00042,-84
1.966667,-0.0004,-80
1.969444,-0.000395,-79
1.972222,-0.0004,-80
1.975,-0.0004,-80
1.977778,-0.000395,-79
1.980556,-0.000415,-83
1.983333,-0.000405,-81
1.986111,-0.00039,-78
1.988889,-0.0004,-80
1.991667,-0.0004,-80
1.994444,-0.000415,-83
1.997222,-0.000425,-85
2.0,-0.000425,-85
2.002778,-0.000415,-83
2.005556,-0.000415,-83
2.008333,-0.00041,-82
2.011111,-0.000425,-85
2.013889,-0.000425,-85
2.016667,-0.00042,-84
2.019444,-0.000415,-83
2.022222,-0.0004,-80
2.025,-0.0004,-80
2.027778,-0.00041,-82
2.030556,-0.000425,-85
2.033333,-0.00041,-82
2.036111,-0.000405,-81
2.038889,-0.000395,-79
2.041667,-0.0004,-80
2.044444,-0.0004,-80
2.047222,-0.000405,-81
2.05,-0.000385,-77
2.052778,-0.0004,-80
2.055556,-0.00039,-78
2.058333,-0.00039,-78
2.061111,-0.0004,-80
2.063889,-0.000415,-83
2.066667,-0.000405,-81
2.069444,-0.000405,-81
2.072222,-0.00041,-82
2.075,-0.000415,-83
2.077778,-0.00042,-84
2.080556,-0.00042,-84
2.083333,-0.000425,-85
2.086111,-0.000415,-83
2.088889,-0.000415,-83
2.091667,-0.00041,-82
2.094444,-0.000435,-87
2.097222,-0.00043,-86
2.1,-0.000435,-87
2.102778,-0.00042,-84
2.105556,-0.00042,-84
2.108333,-0.00042,-84
2.111111,-0.00042,-84
2.113889,-0.000425,-85
2.116667,-0.000425,-85
2.119444,-0.000415,-83
2.122222,-0.000395,-79
2.125,-0.000395,-79
2.127778,-0.00039,-78
2.130556,-0.000375,-75
2.133333,-0.00036,-72
2.136111,-0.00034,-68
2.138889,-0.000335,-67
2.141667,-0.00033,-66
2.144444,-0.000335,-67
2.147222,-0.000335,-67
2.15,-0.000325,-65
2.152778,-0.00032,-64
2.155556,-0.000305,-61
2.158333,-0.000305,-61
2.161111,-0.000315,-63
2.163889,-0.00031,-62
2.166667,-0.000305,-61
2.169444,-0.0003,-60
2.172222,-0.0003,-60
2.175,-0.0003,-60
2.177778,-0.00031,-62
2.180556,-0.00031,-62
2.183333,-0.00031,-62
2.186111,-0.000315,-63
2.188889,-0.0003,-60
2.191667,-0.000305,-61
2.194444,-0.000315,-63
2.197222,-0.00032,-64
2.2,-0.000325,-65
2.202778,-0.00031,-62
2.205556,-0.000305,-61
2.208333,-0.000305,-61
2.211111,-0.00032,-64
2.213889,-0.000325,-65
2.216667,-0.000305,-61
2.219444,-0.00031,-62
2.222222,-0.000295,-59
2.225,-0.00031,-62
2.227778,-0.000325,-65
2.230556,-0.00033,-66
2.233333,-0.00032,-64
2.236111,-0.00032,-64
2.238889,-0.00032,-64
2.241667,-0.000325,-65
2.244444,-0.00035,-70
2.247222,-0.00035,-70
2.25,-0.00034,-68
2.252778,-0.000335,-67
2.255556,-0.00033,-66
2.258333,-0.000335,-67
2.261111,-0.00034,-68
2.263889,-0.00036,-72
2.266667,-0.00035,-70
2.269444,-0.00035,-70
2.272222,-0.000355,-71
2.275,-0.00036,-72
2.277778,-0.000355,-71
2.280556,-0.000365,-73
2.283333,-0.000355,-71
2.286111,-0.00035,-70
2.288889,-0.00034,-68
2.291667,-0.000355,-71
2.294444,-0.00035,-70
2.297222,-0.000365,-73
2.3,-0.000365,-73
2.302778,-0.00035,-70
2.305556,-0.000355,-71
2.308333,-0.00035,-70
2.311111,-0.00037,-74
2.313889,-0.00038,-76
2.316667,-0.00037,-74
2.319444,-0.00036,-72
2.322222,-0.000365,-73
2.325,-0.00036,-72
2.327778,-0.000365,-73
2.330556,-0.00038,-76
2.333333,-0.00037,-74
2.336111,-0.000365,-73
2.338889,-0.00035,-70
2.341667,-0.00035,-70
2.344444,-0.00035,-70
2.347222,-0.00037,-74
2.35,-0.000365,-73
2.352778,-0.000345,-69
2.355556,-0.000345,-69
2.358333,-0.00034,-68
2.361111,-0.000355,-71
2.363889,-0.000365,-73
2.366667,-0.00036,-72
2.369444,-0.000355,-71
2.372222,-0.000355,-71
2.375,-0.000355,-71
2.377778,-0.000375,-75
2.380556,-0.000385,-77
2.383333,-0.000355,-71
2.386111,-0.00036,-72
2.388889,-0.000355,-71
2.391667,-0.00036,-72
2.394444,-0.00036,-72
2.397222,-0.00037,-74
2.4,-0.00036,-72
2.402778,-0.000345,-69
2.405556,-0.000355,-71
2.408333,-0.000345,-69
2.411111,-0.000345,-69
2.413889,-0.000345,-69
2.416667,-0.00034,-68
2.419444,-0.00031,-62
2.422222,-0.000305,-61
2.425,-0.000305,-61
2.427778,-0.00031,-62
2.430556,-0.000305,-61
2.433333,-0.00029,-58
2.436111,-0.000285,-57
2.438889,-0.000275,-55
2.441667,-0.00028,-56
2.444444,-0.00028,-56
2.447222,-0.000275,-55
2.45,-0.000265,-53
2.452778,-0.000255,-51
2.455556,-0.000245,-49
2.458333,-0.00026,-52
2.461111,-0.000265,-53
2.463889,-0.000275,-55
2.466667,-0.00028,-56
2.469444,-0.000265,-53
2.472222,-0.00027,-54
2.475,-0.000275,-55
2.477778,-0.00028,-56
2.480556,-0.000275,-55
2.483333,-0.00028,-56
2.486111,-0.000275,-55
2.488889,-0.000265,-53
2.491667,-0.000255,-51
2.494444,-0.00024,-48
2.497222,-0.00026,-52
2.5,-0.00028,-56
2.502778,-0.00031,-62
2.505556,-0.00031,-62
2.508333,-0.000345,-69
2.511111,-0.00036,-72
2.513889,-0.00038,-76
2.516667,-0.000385,-77
2.519444,-0.00038,-76
2.522222,-0.00037,-74
2.525,-0.000375,-75
2.527778,-0.000385,-77
2.530556,-0.00039,-78
2.533333,-0.000395,-79
2.536111,-0.000385,-77
2.538889,-0.000385,-77
2.541667,-0.000385,-77
2.544444,-0.000395,-79
2.547222,-0.000405,-81
2.55,-0.0004,-80
2.552778,-0.000375,-75
2.555556,-0.000375,-75
2.558333,-0.00039,-78
2.561111,-0.000395,-79
2.563889,-0.000415,-83
2.566667,-0.000405,-81
2.569444,-0.0004,-80
2.572222,-0.00039,-78
2.575,-0.000405,-81
2.577778,-0.000425,-85
2.580556,-0.00046,-92
2.583333,-0.000475,-95
2.586111,-0.000505,-101
2.588889,-0.00051,-102
2.591667,-0.000525,-105
2.594444,-0.00054,-108
2.597222,-0.0006,-120
2.6,-0.000645,-129
2.602778,-0.00063,-126
2.605556,-0.000575,-115
2.608333,-0.000495,-99
2.611111,-0.000385,-77
2.613889,-0.00027,-54
2.616667,-0.000115,-23
2.619444,9e-05,18
2.622222,0.00037,74
2.625,0.000635,127
2.627778,0.00081,162
2.630556,0.00086,172
2.633333,0.00077,154
2.636111,0.000475,95
2.638889,6.5e-05,13
2.641667,-0.000305,-61
2.644444,-0.0005,-100
2.647222,-0.00052,-104
2.65,-0.000475,-95
2.652778,-0.00041,-82
2.655556,-0.00039,-78
2.658333,-0.00039,-78
2.661111,-0.0004,-80
2.663889,-0.00041,-82
2.666667,-0.000405,-81
2.669444,-0.000385,-77
2.672222,-0.00039,-78
2.675,-0.000395,-79
2.677778,-0.000405,-81
2.680556,-0.00041,-82
2.683333,-0.000405,-81
2.686111,-0.0004,-80
2.688889,-0.00039,-78
2.691667,-0.000395,-79
2.694444,-0.00041,-82
2.697222,-0.000415,-83
2.7,-0.00041,-82
2.702778,-0.000395,-79
2.705556,-0.000405,-81
2.708333,-0.00041,-82
2.711111,-0.000405,-81
2.713889,-0.000405,-81
2.716667,-0.00041,-82
2.719444,-0.00039,-78
2.722222,-0.000385,-77
2.725,-0.00039,-78
2.727778,-0.000395,-79
2.730556,-0.0004,-80
2.733333,-0.0004,-80
2.736111,-0.0004,-80
2.738889,-0.000395,-79
2.741667,-0.000395,-79
2.744444,-0.000405,-81
2.747222,-0.000405,-81
2.75,-0.0004,-80
2.752778,-0.000395,-79
2.755556,-0.000385,-77
2.758333,-0.000375,-75
2.761111,-0.000385,-77
2.763889,-0.000395,-79
2.766667,-0.00039,-78
2.769444,-0.000385,-77
2.772222,-0.000375,-75
2.775,-0.000385,-77
2.777778,-0.000395,-79
2.780556,-0.000395,-79
2.783333,-0.000385,-77
2.786111,-0.000375,-75
2.788889,-0.000375,-75
2.791667,-0.000385,-77
2.794444,-0.000395,-79
2.797222,-0.00039,-78
2.8,-0.00039,-78
2.802778,-0.000365,-73
2.805556,-0.000375,-75
2.808333,-0.000385,-77
2.811111,-0.000395,-79
2.813889,-0.00038,-76
2.816667,-0.000385,-77
2.819444,-0.000375,-75
2.822222,-0.00038,-76
2.825,-0.00039,-78
2.827778,-0.00038,-76
2.830556,-0.000375,-75
2.833333,-0.000375,-75
2.836111,-0.000375,-75
2.838889,-0.000375,-75
2.841667,-0.00038,-76
2.844444,-0.00039,-78
2.847222,-0.00039,-78
2.85,-0.000365,-73
2.852778,-0.00037,-74
2.855556,-0.000375,-75
2.858333,-0.000385,-77
2.861111,-0.00039,-78
2.863889,-0.00039,-78
2.866667,-0.000375,-75
2.869444,-0.000365,-73
2.872222,-0.000385,-77
2.875,-0.00038,-76
2.877778,-0.00039,-78
2.880556,-0.000375,-75
2.883333,-0.000375,-75
2.886111,-0.000365,-73
2.888889,-0.00037,-74
2.891667,-0.000385,-77
2.894444,-0.000395,-79
2.897222,-0.000385,-77
2.9,-0.000385,-77
2.902778,-0.00037,-74
2.905556,-0.000365,-73
2.908333,-0.00037,-74
2.911111,-0.000375,-75
2.913889,-0.00035,-70
2.916667,-0.000335,-67
2.919444,-0.00032,-64
2.922222,-0.000315,-63
2.925,-0.00032,-64
2.927778,-0.000325,-65
2.930556,-0.000315,-63
2.933333,-0.000295,-59
2.936111,-0.000285,-57
2.938889,-0.0003,-60
2.941667,-0.000295,-59
2.944444,-0.000285,-57
2.947222,-0.000285,-57
2.95,-0.00028,-56
2.952778,-0.00027,-54
2.955556,-0.00028,-56
2.958333,-0.00029,-58
2.961111,-0.000295,-59
2.963889,-0.000295,-59
2.966667,-0.00029,-58
2.969444,-0.00028,-56
2.972222,-0.00029,-58
2.975,-0.000295,-59
2.977778,-0.00031,-62
2.980556,-0.000295,-59
2.983333,-0.000285,-57
2.986111,-0.00028,-56
2.988889,-0.000275,-55
2.991667,-0.000295,-59
2.994444,-0.000305,-61
2.997222,-0.0003,-60
3.0,-0.000295,-59
3.002778,-0.000295,-59
3.005556,-0.000285,-57
3.008333,-0.0003,-60
3.011111,-0.000305,-61
3.013889,-0.0003,-60
3.016667,-0.000295,-59
3.019444,-0.0003,-60
3.022222,-0.000305,-61
3.025,-0.000315,-63
3.027778,-0.00031,-62
3.030556,-0.000315,-63
3.033333,-0.000295,-59
3.036111,-0.0003,-60
3.038889,-0.00031,-62
3.041667,-0.00033,-66
3.044444,-0.00034,-68
3.047222,-0.00033,-66
3.05,-0.00032,-64
3.052778,-0.00032,-64
3.055556,-0.000315,-63
3.058333,-0.000325,-65
3.061111,-0.000335,-67
3.063889,-0.00033,-66
3.066667,-0.000315,-63
3.069444,-0.00032,-64
3.072222,-0.00032,-64
3.075,-0.00033,-66
3.077778,-0.000345,-69
3.080556,-0.00034,-68
3.083333,-0.000335,-67
3.086111,-0.00033,-66
3.088889,-0.000335,-67
3.091667,-0.000345,-69
3.094444,-0.00035,-70
3.097222,-0.000345,-69
3.1,-0.00034,-68
3.102778,-0.000335,-67
3.105556,-0.000335,-67
3.108333,-0.00033,-66
3.111111,-0.000335,-67
3.113889,-0.00034,-68
3.116667,-0.000335,-67
3.119444,-0.00032,-64
3.122222,-0.00034,-68
3.125,-0.00034,-68
3.127778,-0.00035,-70
3.130556,-0.000365,-73
3.133333,-0.00036,-72
3.136111,-0.000345,-69
3.138889,-0.000345,-69
3.141667,-0.00035,-70
3.144444,-0.00035,-70
3.147222,-0.00035,-70
3.15,-0.00034,-68
3.152778,-0.00034,-68
3.155556,-0.000345,-69
3.158333,-0.000345,-69
3.161111,-0.00038,-76
3.163889,-0.00036,-72
3.166667,-0.00036,-72
3.169444,-0.000345,-69
3.172222,-0.000345,-69
3.175,-0.00035,-70
3.177778,-0.000355,-71
3.180556,-0.000345,-69
3.183333,-0.00033,-66
3.186111,-0.00033,-66
3.188889,-0.000335,-67
3.191667,-0.000335,-67
3.194444,-0.00034,-68
3.197222,-0.00033,-66
3.2,-0.00032,-64
3.202778,-0.00029,-58
3.205556,-0.00029,-58
3.208333,-0.0003,-60
3.211111,-0.000305,-61
3.213889,-0.000285,-57
3.216667,-0.00028,-56
3.219444,-0.000275,-55
3.222222,-0.00028,-56
3.225,-0.000275,-55
3.227778,-0.00027,-54
3.230556,-0.000265,-53
3.233333,-0.00025,-50
3.236111,-0.00023,-46
3.238889,-0.000245,-49
3.241667,-0.00024,-48
3.244444,-0.000255,-51
3.247222,-0.000255,-51
3.25,-0.000245,-49
3.252778,-0.000235,-47
3.255556,-0.000255,-51
3.258333,-0.000265,-53
3.261111,-0.00026,-52
3.263889,-0.000255,-51
3.266667,-0.00027,-54
3.269444,-0.000265,-53
3.272222,-0.00028,-56
3.275,-0.000255,-51
3.277778,-0.00025,-50
3.280556,-0.000245,-49
3.283333,-0.000265,-53
3.286111,-0.00028,-56
3.288889,-0.0003,-60
3.291667,-0.000315,-63
3.294444,-0.000325,-65
3.297222,-0.000335,-67
3.3,-0.000345,-69
3.302778,-0.00033,-66
3.305556,-0.000335,-67
3.308333,-0.000345,-69
3.311111,-0.00036,-72
3.313889,-0.00035,-70
3.316667,-0.00034,-68
3.319444,-0.000335,-67
3.322222,-0.000345,-69
3.325,-0.00036,-72
3.327778,-0.000365,-73
3.330556,-0.000375,-75
3.333333,-0.00037,-74
3.336111,-0.000365,-73
3.338889,-0.000365,-73
3.341667,-0.00038,-76
3.344444,-0.000375,-75
3.347222,-0.000375,-75
3.35,-0.000365,-73
3.352778,-0.00037,-74
3.355556,-0.00036,-72
3.358333,-0.00037,-74
3.361111,-0.00038,-76
3.363889,-0.000365,-73
3.366667,-0.00036,-72
3.369444,-0.00035,-70
3.372222,-0.000355,-71
3.375,-0.00037,-74
3.377778,-0.000385,-77
3.380556,-0.000395,-79
3.383333,-0.00043,-86
3.386111,-0.000445,-89
3.388889,-0.000485,-97
3.391667,-0.000515,-103
3.394444,-0.000565,-113
3.397222,-0.000555,-111
3.4,-0.000475,-95
3.402778,-0.000355,-71
3.405556,-0.00022,-44
3.408333,-5.5e-05,-11
3.411111,0.000185,37
3.413889,0.000475,95
3.416667,0.000705,141
3.419444,0.00082,164
3.422222,0.00078,156
3.425,0.000535,107
3.427778,0.000145,29
3.430556,-0.0002,-40
3.433333,-0.00042,-84
3.436111,-0.0005,-100
3.438889,-0.00048,-96
3.441667,-0.00045,-90
3.444444,-0.00041,-82
3.447222,-0.0004,-80
3.45,-0.00039,-78
3.452778,-0.00039,-78
3.455556,-0.0004,-80
3.458333,-0.000405,-81
3.461111,-0.000425,-85
3.463889,-0.000425,-85
3.466667,-0.000405,-81
3.469444,-0.000395,-79
3.472222,-0.000405,-81
3.475,-0.000405,-81
3.477778,-0.000415,-83
3.480556,-0.000405,-81
3.483333,-0.000385,-77
3.486111,-0.00039,-78
3.488889,-0.000395,-79
3.491667,-0.000395,-79
3.494444,-0.000395,-79
3.497222,-0.000395,-79
3.5,-0.000385,-77
3.502778,-0.00039,-78
3.505556,-0.00039,-78
3.508333,-0.0004,-80
3.511111,-0.000425,-85
3.513889,-0.00041,-82
3.516667,-0.0004,-80
3.519444,-0.000395,-79
3.522222,-0.0004,-80
3.525,-0.000405,-81
3.527778,-0.000425,-85
3.530556,-0.000415,-83
3.533333,-0.000405,-81
3.536111,-0.000405,-81
3.538889,-0.000405,-81
3.541667,-0.00041,-82
3.544444,-0.000415,-83
3.547222,-0.000405,-81
3.55,-0.00042,-84
3.552778,-0.000405,-81
3.555556,-0.00041,-82
3.558333,-0.00041,-82
3.561111,-0.00042,-84
3.563889,-0.000415,-83
3.566667,-0.000405,-81
3.569444,-0.000395,-79
3.572222,-0.000395,-79
3.575,-0.000395,-79
3.577778,-0.0004,-80
3.580556,-0.000395,-79
3.583333,-0.000395,-79
3.586111,-0.000405,-81
3.588889,-0.000405,-81
3.591667,-0.00042,-84
3.594444,-0.000435,-87
3.597222,-0.000415,-83
3.6,-0.000405,-81
3.602778,-0.000395,-79
3.605556,-0.00039,-78
3.608333,-0.000415,-83
3.611111,-0.000405,-81
3.613889,-0.000405,-81
3.616667,-0.0004,-80
3.619444,-0.000395,-79
3.622222,-0.000395,-79
3.625,-0.000405,-81
3.627778,-0.00042,-84
3.630556,-0.000415,-83
3.633333,-0.0004,-80
3.636111,-0.000395,-79
3.638889,-0.0004,-80
3.641667,-0.000405,-81
3.644444,-0.000425,-85
3.647222,-0.000425,-85
3.65,-0.000425,-85
3.652778,-0.00042,-84
3.655556,-0.000425,-85
3.658333,-0.00045,-90
3.661111,-0.000445,-89
3.663889,-0.00045,-90
3.666667,-0.000435,-87
3.669444,-0.000445,-89
3.672222,-0.00047,-94
3.675,-0.000455,-91
3.677778,-0.00046,-92
3.680556,-0.00044,-88
3.683333,-0.000435,-87
3.686111,-0.000425,-85
3.688889,-0.00043,-86
3.691667,-0.000445,-89
3.694444,-0.00045,-90
3.697222,-0.000445,-89
3.7,-0.00043,-86
3.702778,-0.00042,-84
3.705556,-0.00041,-82
3.708333,-0.000425,-85
3.711111,-0.00042,-84
3.713889,-0.000405,-81
3.716667,-0.00038,-76
3.719444,-0.00037,-74
3.722222,-0.000365,-73
3.725,-0.000365,-73
3.727778,-0.000365,-73
3.730556,-0.000345,-69
3.733333,-0.00033,-66
3.736111,-0.000315,-63
3.738889,-0.000305,-61
3.741667,-0.000305,-61
3.744444,-0.00032,-64
3.747222,-0.00031,-62
3.75,-0.00031,-62
3.752778,-0.000305,-61
3.755556,-0.00031,-62
3.758333,-0.000315,-63
3.761111,-0.00032,-64
3.763889,-0.000315,-63
3.766667,-0.000305,-61
3.769444,-0.000305,-61
3.772222,-0.000295,-59
3.775,-0.00031,-62
3.777778,-0.00032,-64
3.780556,-0.00031,-62
3.783333,-0.000315,-63
3.786111,-0.000295,-59
3.788889,-0.0003,-60
3.791667,-0.000305,-61
3.794444,-0.0003,-60
3.797222,-0.000285,-57
3.8,-0.00028,-56
3.802778,-0.00029,-58
3.805556,-0.000295,-59
3.808333,-0.000305,-61
3.811111,-0.000325,-65
3.813889,-0.000305,-61
3.816667,-0.0003,-60
3.819444,-0.0003,-60
3.822222,-0.000315,-63
3.825,-0.000325,-65
3.827778,-0.000335,-67
3.830556,-0.000325,-65
3.833333,-0.000315,-63
3.836111,-0.00032,-64
3.838889,-0.000335,-67
3.841667,-0.00033,-66
3.844444,-0.00034,-68
3.847222,-0.000325,-65
3.85,-0.000325,-65
3.852778,-0.00032,-64
3.855556,-0.000315,-63
3.858333,-0.000335,-67
3.861111,-0.000335,-67
3.863889,-0.000345,-69
3.866667,-0.000335,-67
3.869444,-0.000325,-65
3.872222,-0.00033,-66
3.875,-0.000315,-63
3.877778,-0.000335,-67
3.880556,-0.00033,-66
3.883333,-0.00033,-66
3.886111,-0.00033,-66
3.888889,-0.00033,-66
3.891667,-0.000335,-67
3.894444,-0.00034,-68
3.897222,-0.00033,-66
3.9,-0.00032,-64
3.902778,-0.000315,-63
3.905556,-0.000325,-65
3.908333,-0.000335,-67
3.911111,-0.000355,-71
3.913889,-0.000345,-69
3.916667,-0.00034,-68
3.919444,-0.000335,-67
3.922222,-0.00032,-64
3.925,-0.000325,-65
3.927778,-0.00035,-70
3.930556,-0.00033,-66
3.933333,-0.000315,-63
3.936111,-0.000315,-63
3.938889,-0.00033,-66
3.941667,-0.00033,-66
3.944444,-0.000335,-67
3.947222,-0.000335,-67
3.95,-0.00033,-66
3.952778,-0.00033,-66
3.955556,-0.00033,-66
3.958333,-0.00034,-68
3.961111,-0.00034,-68
3.963889,-0.00034,-68
3.966667,-0.000325,-65
3.969444,-0.000325,-65
3.972222,-0.000325,-65
3.975,-0.000345,-69
3.977778,-0.00035,-70
3.980556,-0.00034,-68
3.983333,-0.00033,-66
3.986111,-0.00032,-64
3.988889,-0.00031,-62
3.991667,-0.000305,-61
3.994444,-0.000305,-61
3.997222,-0.000275,-55
4.0,-0.00027,-54
4.002778,-0.000255,-51
4.005556,-0.00026,-52
4.008333,-0.000265,-53
4.011111,-0.00026,-52
4.013889,-0.00025,-50
4.016667,-0.000235,-47
4.019444,-0.000235,-47
4.022222,-0.00022,-44
4.025,-0.000235,-47
4.027778,-0.000235,-47
4.030556,-0.00022,-44
4.033333,-0.00023,-46
4.036111,-0.000225,-45
4.038889,-0.000235,-47
4.041667,-0.000245,-49
4.044444,-0.000255,-51
4.047222,-0.00024,-48
4.05,-0.00023,-46
4.052778,-0.00023,-46
4.055556,-0.00025,-50
4.058333,-0.000255,-51
4.061111,-0.00025,-50
4.063889,-0.00023,-46
4.066667,-0.000205,-41
4.069444,-0.000195,-39
4.072222,-0.00021,-42
4.075,-0.00023,-46
4.077778,-0.00027,-54
4.080556,-0.00027,-54
4.083333,-0.000285,-57
4.086111,-0.000285,-57
4.088889,-0.00031,-62
4.091667,-0.00033,-66
4.094444,-0.00034,-68
4.097222,-0.00034,-68
4.1,-0.000345,-69
4.102778,-0.00035,-70
4.105556,-0.00035,-70
4.108333,-0.00034,-68
4.111111,-0.000355,-71
4.113889,-0.000345,-69
4.116667,-0.00034,-68
4.119444,-0.00034,-68
4.122222,-0.000345,-69
4.125,-0.000355,-71
4.127778,-0.00037,-74
4.130556,-0.000355,-71
4.133333,-0.00037,-74
4.136111,-0.000345,-69
4.138889,-0.00034,-68
4.141667,-0.00036,-72
4.144444,-0.00038,-76
4.147222,-0.00036,-72
4.15,-0.000345,-69
4.152778,-0.00035,-70
4.155556,-0.00035,-70
4.158333,-0.000355,-71
4.161111,-0.00038,-76
4.163889,-0.00039,-78
4.166667,-0.000395,-79
4.169444,-0.000425,-85
4.172222,-0.000455,-91
4.175,-0.000475,-95
4.177778,-0.00051,-102
4.180556,-0.000545,-109
4.183333,-0.00054,-108
4.186111,-0.000495,-99
4.188889,-0.000405,-81
4.191667,-0.000295,-59
4.194444,-0.00016,-32
4.197222,4e-05,8
4.2,0.000315,63
4.202778,0.000595,119
4.205556,0.0008,160
4.208333,0.000885,177
4.211111,0.000795,159
4.213889,0.00052,104
4.216667,0.00013,26
4.219444,-0.000215,-43
4.222222,-0.000425,-85
4.225,-0.0005,-100
4.227778,-0.00049,-98
4.230556,-0.00045,-90
4.233333,-0.0004,-80
4.236111,-0.00039,-78
4.238889,-0.000395,-79
4.241667,-0.000395,-79
4.244444,-0.0004,-80
4.247222,-0.00039,-78
4.25,-0.00038,-76
4.252778,-0.000385,-77
4.255556,-0.000385,-77
4.258333,-0.0004,-80
4.261111,-0.00041,-82
4.263889,-0.00041,-82
4.266667,-0.00039,-78
4.269444,-0.00039,-78
4.272222,-0.000405,-81
4.275,-0.000405,-81
4.277778,-0.000415,-83
4.280556,-0.00041,-82
4.283333,-0.000395,-79
4.286111,-0.000395,-79
4.288889,-0.0004,-80
4.291667,-0.000415,-83
4.294444,-0.000415,-83
4.297222,-0.000415,-83
4.3,-0.0004,-80
4.302778,-0.00039,-78
4.305556,-0.00039,-78
4.308333,-0.00041,-82
4.311111,-0.000415,-83
4.313889,-0.000405,-81
4.316667,-0.000395,-79
4.319444,-0.000395,-79
4.322222,-0.000395,-79
4.325,-0.000405,-81
4.327778,-0.00041,-82
4.330556,-0.00041,-82
4.333333,-0.0004,-80
4.336111,-0.00039,-78
4.338889,-0.000395,-79
4.341667,-0.00041,-82
4.344444,-0.000425,-85
4.347222,-0.000415,-83
4.35,-0.000405,-81
4.352778,-0.00041,-82
4.355556,-0.000405,-81
4.358333,-0.000415,-83
4.361111,-0.000425,-85
4.363889,-0.000425,-85
4.366667,-0.00041,-82
4.369444,-0.000395,-79
4.372222,-0.00039,-78
4.375,-0.0004,-80
4.377778,-0.00041,-82
4.380556,-0.00041,-82
4.383333,-0.0004,-80
4.386111,-0.00039,-78
4.388889,-0.00041,-82
4.391667,-0.00042,-84
4.394444,-0.00042,-84
4.397222,-0.000415,-83
4.4,-0.000415,-83
4.402778,-0.000405,-81
4.405556,-0.00042,-84
4.408333,-0.000415,-83
4.411111,-0.000425,-85
4.413889,-0.00041,-82
4.416667,-0.0004,-80
4.419444,-0.000405,-81
4.422222,-0.0004,-80
4.425,-0.0004,-80
4.427778,-0.00041,-82
4.430556,-0.0004,-80
4.433333,-0.000395,-79
4.436111,-0.000395,-79
4.438889,-0.000405,-81
4.441667,-0.00041,-82
4.444444,-0.000425,-85
4.447222,-0.000425,-85
4.45,-0.00041,-82
4.452778,-0.00041,-82
4.455556,-0.00042,-84
4.458333,-0.00043,-86
4.461111,-0.000445,-89
4.463889,-0.00044,-88
4.466667,-0.000435,-87
4.469444,-0.00043,-86
4.472222,-0.00043,-86
4.475,-0.00045,-90
4.477778,-0.000445,-89
4.480556,-0.000445,-89
4.483333,-0.000435,-87
4.486111,-0.000435,-87
4.488889,-0.000445,-89
4.491667,-0.00044,-88
4.494444,-0.00045,-90
4.497222,-0.00043,-86
4.5,-0.00043,-86
4.502778,-0.000415,-83
4.505556,-0.0004,-80
4.508333,-0.0004,-80
4.511111,-0.000385,-77
4.513889,-0.000365,-73
4.516667,-0.000335,-67
4.519444,-0.00033,-66
4.522222,-0.000325,-65
4.525,-0.00033,-66
4.527778,-0.00033,-66
4.530556,-0.00031,-62
4.533333,-0.000295,-59
4.536111,-0.000285,-57
4.538889,-0.00029,-58
4.541667,-0.00029,-58
4.544444,-0.00031,-62
4.547222,-0.000295,-59
4.55,-0.000285,-57
4.552778,-0.00028,-56
4.555556,-0.0003,-60
4.558333,-0.00029,-58
4.561111,-0.000295,-59
4.563889,-0.00029,-58
4.566667,-0.00028,-56
4.569444,-0.000275,-55
4.572222,-0.000275,-55
4.575,-0.00029,-58
4.577778,-0.00029,-58
4.580556,-0.000285,-57
4.583333,-0.00027,-54
4.586111,-0.00027,-54
4.588889,-0.00027,-54
4.591667,-0.000275,-55
4.594444,-0.00029,-58
4.597222,-0.000285,-57
4.6,-0.000275,-55
4.602778,-0.000275,-55
4.605556,-0.00029,-58
4.608333,-0.000295,-59
4.611111,-0.000305,-61
4.613889,-0.000295,-59
4.616667,-0.000295,-59
4.619444,-0.000285,-57
4.622222,-0.00029,-58
4.625,-0.0003,-60
4.627778,-0.000305,-61
4.630556,-0.00031,-62
4.633333,-0.000295,-59
4.636111,-0.0003,-60
4.638889,-0.000305,-61
4.641667,-0.00031,-62
4.644444,-0.000325,-65
4.647222,-0.000325,-65
4.65,-0.000315,-63
4.652778,-0.00031,-62
4.655556,-0.000315,-63
4.658333,-0.000315,-63
4.661111,-0.000325,-65
4.663889,-0.00032,-64
4.666667,-0.00031,-62
4.669444,-0.00032,-64
4.672222,-0.000315,-63
4.675,-0.00033,-66
4.677778,-0.00033,-66
4.680556,-0.00032,-64
4.683333,-0.00031,-62
4.686111,-0.00031,-62
4.688889,-0.00031,-62
4.691667,-0.00033,-66
4.694444,-0.000335,-67
4.697222,-0.00033,-66
4.7,-0.00032,-64
4.702778,-0.000325,-65
4.705556,-0.000325,-65
4.708333,-0.00033,-66
4.711111,-0.000335,-67
4.713889,-0.00033,-66
4.716667,-0.000325,-65
4.719444,-0.000325,-65
4.722222,-0.00032,-64
4.725,-0.000325,-65
4.727778,-0.00033,-66
4.730556,-0.000325,-65
4.733333,-0.000315,-63
4.736111,-0.000305,-61
4.738889,-0.000325,-65
4.741667,-0.000315,-63
4.744444,-0.000335,-67
4.747222,-0.00033,-66
4.75,-0.00031,-62
4.752778,-0.00032,-64
4.755556,-0.00033,-66
4.758333,-0.00033,-66
4.761111,-0.000335,-67
4.763889,-0.00033,-66
4.766667,-0.00033,-66
4.769444,-0.00032,-64
4.772222,-0.00032,-64
4.775,-0.00033,-66
4.777778,-0.00033,-66
4.780556,-0.000325,-65
4.783333,-0.000315,-63
4.786111,-0.000315,-63
4.788889,-0.000315,-63
4.791667,-0.00033,-66
4.794444,-0.00033,-66
4.797222,-0.00032,-64
4.8,-0.000315,-63
4.802778,-0.000305,-61
4.805556,-0.000305,-61
4.808333,-0.000295,-59
4.811111,-0.000315,-63
4.813889,-0.0003,-60
4.816667,-0.000275,-55
4.819444,-0.000255,-51
4.822222,-0.000255,-51
4.825,-0.00026,-52
4.827778,-0.000265,-53
4.830556,-0.000255,-51
4.833333,-0.000235,-47
4.836111,-0.00023,-46
4.838889,-0.000225,-45
4.841667,-0.00022,-44
4.844444,-0.00022,-44
4.847222,-0.000215,-43
4.85,-0.0002,-40
4.852778,-0.000205,-41
4.855556,-0.000205,-41
4.858333,-0.000225,-45
4.861111,-0.000235,-47
4.863889,-0.00024,-48
4.866667,-0.00023,-46
4.869444,-0.000215,-43
4.872222,-0.00024,-48
4.875,-0.00024,-48
4.877778,-0.00025,-50
4.880556,-0.000235,-47
4.883333,-0.00021,-42
4.886111,-0.0002,-40
4.888889,-0.00022,-44
4.891667,-0.000255,-51
4.894444,-0.000275,-55
4.897222,-0.000285,-57
4.9,-0.0003,-60
4.902778,-0.000305,-61
4.905556,-0.00032,-64
4.908333,-0.00033,-66
4.911111,-0.000325,-65
4.913889,-0.00032,-64
4.916667,-0.00033,-66
4.919444,-0.00033,-66
4.922222,-0.000335,-67
4.925,-0.00034,-68
4.927778,-0.000345,-69
4.930556,-0.00034,-68
4.933333,-0.000335,-67
4.936111,-0.00032,-64
4.938889,-0.000325,-65
4.941667,-0.000335,-67
4.944444,-0.000345,-69
4.947222,-0.000345,-69
4.95,-0.000345,-69
4.952778,-0.000335,-67
4.955556,-0.00034,-68
4.958333,-0.000345,-69
4.961111,-0.000355,-71
4.963889,-0.00034,-68
4.966667,-0.00034,-68
4.969444,-0.00034,-68
4.972222,-0.00034,-68
4.975,-0.000345,-69
4.977778,-0.000355,-71
4.980556,-0.000365,-73
4.983333,-0.00037,-74
4.986111,-0.000405,-81
4.988889,-0.000445,-89
4.991667,-0.00048,-96
4.994444,-0.000495,-99
4.997222,-0.00052,-104
5.0,-0.000535,-107
5.002778,-0.000505,-101
5.005556,-0.000415,-83
5.008333,-0.00028,-56
5.011111,-0.000135,-27
5.013889,6.5e-05,13
5.016667,0.0003,60
5.019444,0.00058,116
5.022222,0.00081,162
5.025,0.000945,189
5.027778,0.00092,184
5.030556,0.000775,155
5.033333,0.000445,89
5.036111,2e-05,4
5.038889,-0.000295,-59
5.041667,-0.000445,-89
5.044444,-0.00047,-94
5.047222,-0.000425,-85
5.05,-0.00038,-76
5.052778,-0.00036,-72
5.055556,-0.00036,-72
5.058333,-0.00037,-74
5.061111,-0.00038,-76
5.063889,-0.00038,-76
5.066667,-0.000375,-75
5.069444,-0.00037,-74
5.072222,-0.000365,-73
5.075,-0.00037,-74
5.077778,-0.000385,-77
5.080556,-0.000385,-77
5.083333,-0.000375,-75
5.086111,-0.00037,-74
5.088889,-0.00037,-74
5.091667,-0.000385,-77
5.094444,-0.000395,-79
5.097222,-0.000385,-77
5.1,-0.000385,-77
5.102778,-0.00039,-78
5.105556,-0.000385,-77
5.108333,-0.000395,-79
5.111111,-0.00041,-82
5.113889,-0.0004,-80
5.116667,-0.000395,-79
5.119444,-0.00038,-76
5.122222,-0.000395,-79
5.125,-0.000395,-79
5.127778,-0.0004,-80
5.130556,-0.0004,-80
5.133333,-0.000395,-79
5.136111,-0.00039,-78
5.138889,-0.00039,-78
5.141667,-0.000395,-79
5.144444,-0.000405,-81
5.147222,-0.00039,-78
5.15,-0.000385,-77
5.152778,-0.000375,-75
5.155556,-0.000375,-75
5.158333,-0.00038,-76
5.161111,-0.00039,-78
5.163889,-0.000385,-77
5.166667,-0.00037,-74
5.169444,-0.00037,-74
5.172222,-0.00037,-74
5.175,-0.000375,-75
5.177778,-0.000385,-77
5.180556,-0.00037,-74
5.183333,-0.00039,-78
5.186111,-0.000375,-75
5.188889,-0.00037,-74
5.191667,-0.00038,-76
5.194444,-0.00039,-78
5.197222,-0.00039,-78
5.2,-0.000385,-77
5.202778,-0.000375,-75
5.205556,-0.000375,-75
5.208333,-0.000385,-77
5.211111,-0.000395,-79
5.213889,-0.00039,-78
5.216667,-0.000385,-77
5.219444,-0.000375,-75
5.222222,-0.00038,-76
5.225,-0.000385,-77
5.227778,-0.00039,-78
5.230556,-0.00038,-76
5.233333,-0.00038,-76
5.236111,-0.00037,-74
5.238889,-0.00037,-74
5.241667,-0.000365,-73
5.244444,-0.00039,-78
5.247222,-0.000365,-73
5.25,-0.000365,-73
5.252778,-0.00036,-72
5.255556,-0.000375,-75
5.258333,-0.00038,-76
5.261111,-0.0004,-80
5.263889,-0.00039,-78
5.266667,-0.000375,-75
5.269444,-0.000375,-75
5.272222,-0.00037,-74
5.275,-0.000385,-77
5.277778,-0.00039,-78
5.280556,-0.00039,-78
5.283333,-0.00039,-78
5.286111,-0.00039,-78
5.288889,-0.000375,-75
5.291667,-0.000385,-77
5.294444,-0.000395,-79
5.297222,-0.00038,-76
5.3,-0.00037,-74
5.302778,-0.000375,-75
5.305556,-0.000375,-75
5.308333,-0.00039,-78
5.311111,-0.000405,-81
5.313889,-0.000375,-75
5.316667,-0.00037,-74
5.319444,-0.00036,-72
5.322222,-0.000375,-75
5.325,-0.000385,-77
5.327778,-0.00038,-76
5.330556,-0.00037,-74
5.333333,-0.00036,-72
5.336111,-0.000345,-69
5.338889,-0.000345,-69
5.341667,-0.00033,-66
5.344444,-0.00033,-66
5.347222,-0.000315,-63
5.35,-0.00031,-62
5.352778,-0.000295,-59
5.355556,-0.000285,-57
5.358333,-0.000285,-57
5.361111,-0.000295,-59
5.363889,-0.00028,-56
5.366667,-0.00027,-54
5.369444,-0.00028,-56
5.372222,-0.00028,-56
5.375,-0.00028,-56
5.377778,-0.00029,-58
5.380556,-0.00029,-58
5.383333,-0.00028,-56
5.386111,-0.000275,-55
5.388889,-0.00028,-56
5.391667,-0.000285,-57
5.394444,-0.00029,-58
5.397222,-0.00029,-58
5.4,-0.00028,-56
5.402778,-0.00028,-56
5.405556,-0.000285,-57
5.408333,-0.00029,-58
5.411111,-0.0003,-60
5.413889,-0.000295,-59
5.416667,-0.000285,-57
5.419444,-0.00028,-56
5.422222,-0.000285,-57
5.425,-0.000285,-57
5.427778,-0.000295,-59
5.430556,-0.000285,-57
5.433333,-0.00028,-56
5.436111,-0.000275,-55
5.438889,-0.00028,-56
5.441667,-0.00029,-58
5.444444,-0.00031,-62
5.447222,-0.000305,-61
5.45,-0.000285,-57
5.452778,-0.00027,-54
5.455556,-0.00027,-54
5.458333,-0.000275,-55
5.461111,-0.000285,-57
5.463889,-0.000285,-57
5.466667,-0.00027,-54
5.469444,-0.000265,-53
5.472222,-0.000265,-53
5.475,-0.000265,-53
5.477778,-0.00028,-56
5.480556,-0.000265,-53
5.483333,-0.000245,-49
5.486111,-0.000235,-47
5.488889,-0.000235,-47
5.491667,-0.00025,-50
5.494444,-0.00025,-50
5.497222,-0.000245,-49
5.5,-0.000215,-43
5.502778,-0.00022,-44
5.505556,-0.000245,-49
5.508333,-0.000255,-51
5.511111,-0.00023,-46
5.513889,-0.000205,-41
5.516667,-0.00021,-42
5.519444,-0.00022,-44
5.522222,-0.00023,-46
5.525,-0.00024,-48
5.527778,-0.00024,-48
5.530556,-0.000245,-49
5.533333,-0.00025,-50
5.536111,-0.00027,-54
5.538889,-0.000285,-57
5.541667,-0.000315,-63
5.544444,-0.00032,-64
5.547222,-0.00032,-64
5.55,-0.00031,-62
5.552778,-0.00033,-66
5.555556,-0.00034,-68
5.558333,-0.000345,-69
5.561111,-0.00036,-72
5.563889,-0.000365,-73
5.566667,-0.00036,-72
5.569444,-0.00035,-70
5.572222,-0.000355,-71
5.575,-0.000375,-75
5.577778,-0.000385,-77
5.580556,-0.000375,-75
5.583333,-0.00037,-74
5.586111,-0.000365,-73
5.588889,-0.000365,-73
5.591667,-0.00037,-74
5.594444,-0.00038,-76
5.597222,-0.00036,-72
5.6,-0.00035,-70
5.602778,-0.000355,-71
5.605556,-0.000355,-71
5.608333,-0.00035,-70
5.611111,-0.000365,-73
5.613889,-0.00035,-70
5.616667,-0.00035,-70
5.619444,-0.00034,-68
5.622222,-0.000355,-71
5.625,-0.00035,-70
5.627778,-0.000375,-75
5.630556,-0.000365,-73
5.633333,-0.000375,-75
5.636111,-0.0004,-80
5.638889,-0.00043,-86
5.641667,-0.000475,-95
5.644444,-0.00052,-104
5.647222,-0.00052,-104
5.65,-0.00055,-110
5.652778,-0.00057,-114
5.655556,-0.00054,-108
5.658333,-0.000445,-89
5.661111,-0.000305,-61
5.663889,-0.00014,-28
5.666667,2.5e-05,5
5.669444,0.00026,52
5.672222,0.00051,102
5.675,0.000735,147
5.677778,0.000845,169
5.680556,0.000875,175
5.683333,0.000735,147
5.686111,0.0004,80
5.688889,-2.5e-05,-5
5.691667,-0.000335,-67
5.694444,-0.00048,-96
5.697222,-0.00047,-94
5.7,-0.000415,-83
5.702778,-0.000375,-75
5.705556,-0.000365,-73
5.708333,-0.000385,-77
5.711111,-0.0004,-80
5.713889,-0.00038,-76
5.716667,-0.00039,-78
5.719444,-0.000375,-75
5.722222,-0.000385,-77
5.725,-0.000395,-79
5.727778,-0.000405,-81
5.730556,-0.00039,-78
5.733333,-0.00038,-76
5.736111,-0.000385,-77
5.738889,-0.000385,-77
5.741667,-0.000395,-79
5.744444,-0.0004,-80
5.747222,-0.000405,-81
5.75,-0.0004,-80
5.752778,-0.00039,-78
5.755556,-0.00039,-78
5.758333,-0.000395,-79
5.761111,-0.0004,-80
5.763889,-0.00039,-78
5.766667,-0.000385,-77
5.769444,-0.00039,-78
5.772222,-0.000385,-77
5.775,-0.00041,-82
5.777778,-0.00042,-84
5.780556,-0.000405,-81
5.783333,-0.00041,-82
5.786111,-0.00039,-78
5.788889,-0.00039,-78
5.791667,-0.00039,-78
5.794444,-0.0004,-80
5.797222,-0.0004,-80
5.8,-0.00039,-78
5.802778,-0.000375,-75
5.805556,-0.00038,-76
5.808333,-0.000395,-79
5.811111,-0.0004,-80
5.813889,-0.00039,-78
5.816667,-0.0004,-80
5.819444,-0.00039,-78
5.822222,-0.000395,-79
5.825,-0.00041,-82
5.827778,-0.000415,-83
5.830556,-0.000405,-81
5.833333,-0.000385,-77
5.836111,-0.000385,-77
5.838889,-0.00038,-76
5.841667,-0.0004,-80
5.844444,-0.0004,-80
5.847222,-0.000395,-79
5.85,-0.00039,-78
5.852778,-0.00038,-76
5.855556,-0.000375,-75
5.858333,-0.000395,-79
5.861111,-0.000395,-79
5.863889,-0.000385,-77
5.866667,-0.00038,-76
5.869444,-0.000375,-75
5.872222,-0.000385,-77
5.875,-0.00039,-78
5.877778,-0.0004,-80
5.880556,-0.0004,-80
5.883333,-0.000385,-77
5.886111,-0.00038,-76
5.888889,-0.000395,-79
5.891667,-0.00039,-78
5.894444,-0.0004,-80
5.897222,-0.000395,-79
5.9,-0.000385,-77
5.902778,-0.00038,-76
5.905556,-0.000385,-77
5.908333,-0.000395,-79
5.911111,-0.000405,-81
5.913889,-0.0004,-80
5.916667,-0.00039,-78
5.919444,-0.00038,-76
5.922222,-0.00038,-76
5.925,-0.000385,-77
5.927778,-0.000405,-81
5.930556,-0.000395,-79
5.933333,-0.0004,-80
5.936111,-0.00039,-78
5.938889,-0.0004,-80
5.941667,-0.000405,-81
5.944444,-0.000425,-85
5.947222,-0.00042,-84
5.95,-0.000405,-81
5.952778,-0.0004,-80
5.955556,-0.000405,-81
5.958333,-0.000405,-81
5.961111,-0.000415,-83
5.963889,-0.0004,-80
5.966667,-0.00039,-78
5.969444,-0.00038,-76
5.972222,-0.000385,-77
5.975,-0.000395,-79
5.977778,-0.000405,-81
5.980556,-0.00039,-78
5.983333,-0.00037,-74
5.986111,-0.00037,-74
5.988889,-0.00037,-74
5.991667,-0.000385,-77
5.994444,-0.00037,-74
5.997222,-0.000355,-71
6.0,-0.000345,-69
6.002778,-0.00034,-68
6.005556,-0.000335,-67
6.008333,-0.00034,-68
6.011111,-0.000355,-71
6.013889,-0.000335,-67
6.016667,-0.000325,-65
6.019444,-0.00031,-62
6.022222,-0.000305,-61
6.025,-0.000305,-61
6.027778,-0.00032,-64
6.030556,-0.000315,-63
6.033333,-0.00031,-62
6.036111,-0.000305,-61
6.038889,-0.000305,-61
6.041667,-0.00033,-66
6.044444,-0.000325,-65
6.047222,-0.000345,-69
6.05,-0.000325,-65
6.052778,-0.000315,-63
6.055556,-0.000315,-63
6.058333,-0.000305,-61
6.061111,-0.00031,-62
6.063889,-0.00031,-62
6.066667,-0.0003,-60
6.069444,-0.000305,-61
6.072222,-0.000305,-61
6.075,-0.000315,-63
6.077778,-0.00032,-64
6.080556,-0.000325,-65
6.083333,-0.000315,-63
6.086111,-0.000305,-61
6.088889,-0.000315,-63
6.091667,-0.000325,-65
6.094444,-0.000325,-65
6.097222,-0.00033,-66
6.1,-0.000315,-63
6.102778,-0.000315,-63
6.105556,-0.00031,-62
6.108333,-0.00033,-66
6.111111,-0.00034,-68
6.113889,-0.000335,-67
6.116667,-0.00033,-66
6.119444,-0.000345,-69
6.122222,-0.000355,-71
6.125,-0.000365,-73
6.127778,-0.00037,-74
6.130556,-0.000345,-69
6.133333,-0.00034,-68
6.136111,-0.00034,-68
6.138889,-0.000345,-69
6.141667,-0.00036,-72
6.144444,-0.000365,-73
6.147222,-0.00036,-72
6.15,-0.00036,-72
6.152778,-0.000345,-69
6.155556,-0.000355,-71
6.158333,-0.000365,-73
6.161111,-0.00035,-70
6.163889,-0.00036,-72
6.166667,-0.00035,-70
6.169444,-0.00034,-68
6.172222,-0.000345,-69
6.175,-0.000355,-71
6.177778,-0.00037,-74
6.180556,-0.00035,-70
6.183333,-0.00035,-70
6.186111,-0.00035,-70
6.188889,-0.000345,-69
6.191667,-0.00035,-70
6.194444,-0.000355,-71
6.197222,-0.00036,-72
6.2,-0.000345,-69
6.202778,-0.000355,-71
6.205556,-0.00035,-70
6.208333,-0.00036,-72
6.211111,-0.00037,-74
6.213889,-0.000355,-71
6.216667,-0.000355,-71
6.219444,-0.00035,-70
6.222222,-0.000355,-71
6.225,-0.00036,-72
6.227778,-0.00039,-78
6.230556,-0.000385,-77
6.233333,-0.00036,-72
6.236111,-0.00036,-72
6.238889,-0.00037,-74
6.241667,-0.00037,-74
6.244444,-0.00039,-78
6.247222,-0.000375,-75
6.25,-0.00037,-74
6.252778,-0.00035,-70
6.255556,-0.00034,-68
6.258333,-0.000345,-69
6.261111,-0.00036,-72
6.263889,-0.00036,-72
6.266667,-0.00035,-70
6.269444,-0.00035,-70
6.272222,-0.000335,-67
6.275,-0.00036,-72
6.277778,-0.000365,-73
6.280556,-0.000365,-73
6.283333,-0.00036,-72
6.286111,-0.00036,-72
6.288889,-0.000365,-73
6.291667,-0.000375,-75
6.294444,-0.000385,-77
6.297222,-0.000385,-77
6.3,-0.000365,-73
6.302778,-0.00037,-74
6.305556,-0.000375,-75
6.308333,-0.00037,-74
6.311111,-0.000375,-75
6.313889,-0.000365,-73
6.316667,-0.000355,-71
6.319444,-0.000355,-71
6.322222,-0.00036,-72
6.325,-0.000365,-73
6.327778,-0.00037,-74
6.330556,-0.00036,-72
6.333333,-0.00035,-70
6.336111,-0.00034,-68
6.338889,-0.000345,-69
6.341667,-0.00034,-68
6.344444,-0.00035,-70
6.347222,-0.000345,-69
6.35,-0.00035,-70
6.352778,-0.00036,-72
6.355556,-0.00035,-70
6.358333,-0.00036,-72
6.361111,-0.00037,-74
6.363889,-0.00036,-72
6.366667,-0.00036,-72
6.369444,-0.000355,-71
6.372222,-0.00036,-72
6.375,-0.000375,-75
6.377778,-0.000375,-75
6.380556,-0.00037,-74
6.383333,-0.00035,-70
6.386111,-0.000355,-71
6.388889,-0.00036,-72
6.391667,-0.000365,-73
6.394444,-0.000375,-75
6.397222,-0.00037,-74
6.4,-0.000365,-73
6.402778,-0.00036,-72
6.405556,-0.000355,-71
6.408333,-0.00036,-72
6.411111,-0.00036,-72
6.413889,-0.00035,-70
6.416667,-0.00034,-68
6.419444,-0.000345,-69
6.422222,-0.000345,-69
6.425,-0.000355,-71
6.427778,-0.00036,-72
6.430556,-0.00036,-72
6.433333,-0.000365,-73
6.436111,-0.000345,-69
6.438889,-0.000355,-71
6.441667,-0.00035,-70
6.444444,-0.00036,-72
6.447222,-0.000355,-71
6.45,-0.00036,-72
6.452778,-0.000345,-69
6.455556,-0.000335,-67
6.458333,-0.00033,-66
6.461111,-0.00033,-66
6.463889,-0.00031,-62
6.466667,-0.000305,-61
6.469444,-0.0003,-60
6.472222,-0.000305,-61
6.475,-0.000295,-59
6.477778,-0.000305,-61
6.480556,-0.000285,-57
6.483333,-0.000275,-55
6.486111,-0.000265,-53
6.488889,-0.000255,-51
6.491667,-0.000255,-51
6.494444,-0.00026,-52
6.497222,-0.000265,-53
6.5,-0.000255,-51
6.502778,-0.000255,-51
6.505556,-0.00026,-52
6.508333,-0.00028,-56
6.511111,-0.00029,-58
6.513889,-0.00028,-56
6.516667,-0.00027,-54
6.519444,-0.000255,-51
6.522222,-0.000275,-55
6.525,-0.00029,-58
6.527778,-0.00032,-64
6.530556,-0.0003,-60
6.533333,-0.000295,-59
6.536111,-0.00027,-54
6.538889,-0.000265,-53
6.541667,-0.00027,-54
6.544444,-0.000285,-57
6.547222,-0.0003,-60
6.55,-0.00031,-62
6.552778,-0.000315,-63
6.555556,-0.00032,-64
6.558333,-0.00035,-70
6.561111,-0.00037,-74
6.563889,-0.000365,-73
6.566667,-0.000365,-73
6.569444,-0.000365,-73
6.572222,-0.00037,-74
6.575,-0.00037,-74
6.577778,-0.00037,-74
6.580556,-0.00038,-76
6.583333,-0.00036,-72
6.586111,-0.000375,-75
6.588889,-0.000375,-75
6.591667,-0.0004,-80
6.594444,-0.00042,-84
6.597222,-0.000405,-81
6.6,-0.0004,-80
6.602778,-0.000385,-77
6.605556,-0.00038,-76
6.608333,-0.0004,-80
6.611111,-0.000415,-83
6.613889,-0.000405,-81
6.616667,-0.000395,-79
6.619444,-0.000395,-79
6.622222,-0.000395,-79
6.625,-0.00041,-82
6.627778,-0.00043,-86
6.630556,-0.00044,-88
6.633333,-0.000455,-91
6.636111,-0.00049,-98
6.638889,-0.000485,-97
6.641667,-0.00052,-104
6.644444,-0.00057,-114
6.647222,-0.000575,-115
6.65,-0.000525,-105
6.652778,-0.00042,-84
6.655556,-0.000305,-61
6.658333,-0.00019,-38
6.661111,-2e-05,-4
6.663889,0.00022,44
6.666667,0.000485,97
6.669444,0.000715,143
6.672222,0.000845,169
6.675,0.000885,177
6.677778,0.00079,158
6.680556,0.00056,112
6.683333,0.000225,45
6.686111,-7e-05,-14
6.688889,-0.000285,-57
6.691667,-0.000425,-85
6.694444,-0.0005,-100
6.697222,-0.00055,-110
6.7,-0.000535,-107
6.702778,-0.0005,-100
6.705556,-0.000465,-93
6.708333,-0.00045,-90
6.711111,-0.00045,-90
6.713889,-0.000435,-87
6.716667,-0.00042,-84
6.719444,-0.00041,-82
6.722222,-0.00041,-82
6.725,-0.000415,-83
6.727778,-0.00042,-84
6.730556,-0.000425,-85
6.733333,-0.00042,-84
6.736111,-0.00043,-86
6.738889,-0.00043,-86
6.741667,-0.00044,-88
6.744444,-0.00045,-90
6.747222,-0.00045,-90
6.75,-0.00043,-86
6.752778,-0.00043,-86
6.755556,-0.00043,-86
6.758333,-0.000445,-89
6.761111,-0.000445,-89
6.763889,-0.00044,-88
6.766667,-0.000425,-85
6.769444,-0.00043,-86
6.772222,-0.00043,-86
6.775,-0.000425,-85
6.777778,-0.000445,-89
6.780556,-0.000445,-89
6.783333,-0.00043,-86
6.786111,-0.000435,-87
6.788889,-0.000435,-87
6.791667,-0.000445,-89
6.794444,-0.000445,-89
6.797222,-0.000435,-87
6.8,-0.00043,-86
6.802778,-0.000425,-85
6.805556,-0.00043,-86
6.808333,-0.00043,-86
6.811111,-0.00044,-88
6.813889,-0.00042,-84
6.816667,-0.00043,-86
6.819444,-0.000425,-85
6.822222,-0.00043,-86
6.825,-0.00044,-88
6.827778,-0.00044,-88
6.830556,-0.00043,-86
6.833333,-0.00043,-86
6.836111,-0.000415,-83
6.838889,-0.000425,-85
6.841667,-0.00043,-86
6.844444,-0.000455,-91
6.847222,-0.000445,-89
6.85,-0.000445,-89
6.852778,-0.00043,-86
6.855556,-0.00043,-86
6.858333,-0.00044,-88
6.861111,-0.00044,-88
6.863889,-0.000435,-87
6.866667,-0.00043,-86
6.869444,-0.000415,-83
6.872222,-0.000415,-83
6.875,-0.000425,-85
6.877778,-0.000425,-85
6.880556,-0.00042,-84
6.883333,-0.000405,-81
6.886111,-0.000405,-81
6.888889,-0.000415,-83
6.891667,-0.000415,-83
6.894444,-0.000425,-85
6.897222,-0.00043,-86
6.9,-0.000405,-81
6.902778,-0.000405,-81
6.905556,-0.000405,-81
6.908333,-0.000405,-81
6.911111,-0.00043,-86
6.913889,-0.000415,-83
6.916667,-0.00041,-82
6.919444,-0.000415,-83
6.922222,-0.00043,-86
6.925,-0.000445,-89
6.927778,-0.000465,-93
6.930556,-0.00046,-92
6.933333,-0.00045,-90
6.936111,-0.000455,-91
6.938889,-0.00046,-92
6.941667,-0.000465,-93
6.944444,-0.000485,-97
6.947222,-0.000495,-99
6.95,-0.000475,-95
6.952778,-0.00049,-98
6.955556,-0.0005,-100
6.958333,-0.000495,-99
6.961111,-0.000515,-103
6.963889,-0.0005,-100
6.966667,-0.000485,-97
6.969444,-0.00049,-98
6.972222,-0.000485,-97
6.975,-0.0005,-100
6.977778,-0.0005,-100
6.980556,-0.00049,-98
6.983333,-0.00048,-96
6.986111,-0.00046,-92
6.988889,-0.00046,-92
6.991667,-0.00047,-94
6.994444,-0.000465,-93
6.997222,-0.00044,-88
7.0,-0.00043,-86
7.002778,-0.000425,-85
7.005556,-0.00041,-82
7.008333,-0.00041,-82
7.011111,-0.0004,-80
7.013889,-0.00039,-78
7.016667,-0.00038,-76
7.019444,-0.000355,-71
7.022222,-0.00035,-70
7.025,-0.000355,-71
7.027778,-0.00035,-70
7.030556,-0.00034,-68
7.033333,-0.00033,-66
7.036111,-0.000325,-65
7.038889,-0.000305,-61
7.041667,-0.00032,-64
7.044444,-0.000315,-63
7.047222,-0.000305,-61
7.05,-0.0003,-60
7.052778,-0.000305,-61
7.055556,-0.000305,-61
7.058333,-0.00031,-62
7.061111,-0.00033,-66
7.063889,-0.00031,-62
7.066667,-0.000315,-63
7.069444,-0.000315,-63
7.072222,-0.00032,-64
7.075,-0.000325,-65
7.077778,-0.000325,-65
7.080556,-0.000325,-65
7.083333,-0.00031,-62
7.086111,-0.00031,-62
7.088889,-0.000315,-63
7.091667,-0.000325,-65
7.094444,-0.00033,-66
7.097222,-0.000325,-65
7.1,-0.000325,-65
7.102778,-0.000315,-63
7.105556,-0.00032,-64
7.108333,-0.00033,-66
7.111111,-0.000335,-67
7.113889,-0.00033,-66
7.116667,-0.000315,-63
7.119444,-0.00032,-64
7.122222,-0.00032,-64
7.125,-0.000335,-67
7.127778,-0.000335,-67
7.130556,-0.000325,-65
7.133333,-0.000325,-65
7.136111,-0.00032,-64
7.138889,-0.00032,-64
7.141667,-0.000325,-65
7.144444,-0.00035,-70
7.147222,-0.000345,-69
7.15,-0.000345,-69
7.152778,-0.000335,-67
7.155556,-0.000345,-69
7.158333,-0.000355,-71
7.161111,-0.000355,-71
7.163889,-0.000355,-71
7.166667,-0.000345,-69
7.169444,-0.000335,-67
7.172222,-0.000335,-67
7.175,-0.000345,-69
7.177778,-0.000355,-71
7.180556,-0.00034,-68
7.183333,-0.000335,-67
7.186111,-0.00033,-66
7.188889,-0.000335,-67
7.191667,-0.000345,-69
7.194444,-0.00035,-70
7.197222,-0.00035,-70
7.2,-0.00034,-68
7.202778,-0.000335,-67
7.205556,-0.00033,-66
7.208333,-0.00036,-72
7.211111,-0.000355,-71
7.213889,-0.000345,-69
7.216667,-0.000335,-67
7.219444,-0.000345,-69
7.222222,-0.00035,-70
7.225,-0.00036,-72
7.227778,-0.00038,-76
7.230556,-0.00037,-74
7.233333,-0.000345,-69
7.236111,-0.000345,-69
7.238889,-0.00035,-70
7.241667,-0.000355,-71
7.244444,-0.000365,-73
7.247222,-0.00036,-72
7.25,-0.000345,-69
7.252778,-0.000345,-69
7.255556,-0.00035,-70
7.258333,-0.00036,-72
7.261111,-0.00036,-72
7.263889,-0.00035,-70
7.266667,-0.000355,-71
7.269444,-0.00034,-68
7.272222,-0.000345,-69
7.275,-0.000355,-71
7.277778,-0.000355,-71
7.280556,-0.000355,-71
7.283333,-0.00034,-68
7.286111,-0.00034,-68
7.288889,-0.000345,-69
7.291667,-0.000365,-73
7.294444,-0.00037,-74
7.297222,-0.00035,-70
7.3,-0.00033,-66
7.302778,-0.00032,-64
7.305556,-0.000315,-63
7.308333,-0.000295,-59
7.311111,-0.000305,-61
7.313889,-0.000295,-59
7.316667,-0.0003,-60
7.319444,-0.000285,-57
7.322222,-0.000275,-55
7.325,-0.00026,-52
7.327778,-0.000275,-55
7.330556,-0.000265,-53
7.333333,-0.00026,-52
7.336111,-0.00025,-50
7.338889,-0.000245,-49
7.341667,-0.000255,-51
7.344444,-0.000265,-53
7.347222,-0.00026,-52
7.35,-0.00026,-52
7.352778,-0.00025,-50
7.355556,-0.00026,-52
7.358333,-0.00028,-56
7.361111,-0.00028,-56
7.363889,-0.000275,-55
7.366667,-0.000285,-57
7.369444,-0.00028,-56
7.372222,-0.000255,-51
7.375,-0.000245,-49
7.377778,-0.000245,-49
7.380556,-0.00026,-52
7.383333,-0.000285,-57
7.386111,-0.00029,-58
7.388889,-0.0003,-60
7.391667,-0.00032,-64
7.394444,-0.000335,-67
7.397222,-0.000355,-71
7.4,-0.00035,-70
7.402778,-0.000355,-71
7.405556,-0.000355,-71
7.408333,-0.000375,-75
7.411111,-0.000385,-77
7.413889,-0.00038,-76
7.416667,-0.00036,-72
7.419444,-0.00035,-70
7.422222,-0.00036,-72
7.425,-0.000365,-73
7.427778,-0.00037,-74
7.430556,-0.00037,-74
7.433333,-0.000365,-73
7.436111,-0.00036,-72
7.438889,-0.000365,-73
7.441667,-0.00037,-74
7.444444,-0.000385,-77
7.447222,-0.000385,-77
7.45,-0.000365,-73
7.452778,-0.00036,-72
7.455556,-0.00038,-76
7.458333,-0.000385,-77
7.461111,-0.000395,-79
7.463889,-0.000395,-79
7.466667,-0.000385,-77
7.469444,-0.00038,-76
7.472222,-0.000395,-79
7.475,-0.000425,-85
7.477778,-0.000465,-93
7.480556,-0.0005,-100
7.483333,-0.000515,-103
7.486111,-0.00053,-106
7.488889,-0.00056,-112
7.491667,-0.000585,-117
7.494444,-0.00053,-106
7.497222,-0.00041,-82
7.5,-0.000255,-51
7.502778,-0.000105,-21
7.505556,0.000105,21
7.508333,0.000355,71
7.511111,0.0006,120
7.513889,0.00081,162
7.516667,0.00089,178
7.519444,0.00083,166
7.522222,0.00058,116
7.525,0.000185,37
7.527778,-0.000205,-41
7.530556,-0.00045,-90
7.533333,-0.000525,-105
7.536111,-0.000495,-99
7.538889,-0.000465,-93
7.541667,-0.000435,-87
7.544444,-0.000415,-83
7.547222,-0.000415,-83
7.55,-0.000415,-83
7.552778,-0.0004,-80
7.555556,-0.000395,-79
7.558333,-0.000405,-81
7.561111,-0.000425,-85
7.563889,-0.000435,-87
7.566667,-0.000415,-83
7.569444,-0.000415,-83
7.572222,-0.000415,-83
7.575,-0.000415,-83
7.577778,-0.00043,-86
7.580556,-0.00042,-84
7.583333,-0.00041,-82
7.586111,-0.000405,-81
7.588889,-0.00042,-84
7.591667,-0.00041,-82
7.594444,-0.00042,-84
7.597222,-0.0004,-80
7.6,-0.000395,-79
7.602778,-0.000385,-77
7.605556,-0.0004,-80
7.608333,-0.0004,-80
7.611111,-0.0004,-80
7.613889,-0.0004,-80
7.616667,-0.000395,-79
7.619444,-0.0004,-80
7.622222,-0.0004,-80
7.625,-0.0004,-80
7.627778,-0.00041,-82
7.630556,-0.000395,-79
7.633333,-0.00041,-82
7.636111,-0.0004,-80
7.638889,-0.000395,-79
7.641667,-0.000405,-81
7.644444,-0.00041,-82
7.647222,-0.000415,-83
7.65,-0.000405,-81
7.652778,-0.0004,-80
7.655556,-0.000395,-79
7.658333,-0.000405,-81
7.661111,-0.000415,-83
7.663889,-0.000405,-81
7.666667,-0.000415,-83
7.669444,-0.00041,-82
7.672222,-0.000405,-81
7.675,-0.000405,-81
7.677778,-0.00041,-82
7.680556,-0.000405,-81
7.683333,-0.0004,-80
7.686111,-0.000395,-79
7.688889,-0.000405,-81
7.691667,-0.000405,-81
7.694444,-0.0004,-80
7.697222,-0.000395,-79
7.7,-0.00039,-78
7.702778,-0.000395,-79
7.705556,-0.00039,-78
7.708333,-0.000395,-79
7.711111,-0.00042,-84
7.713889,-0.000415,-83
7.716667,-0.000405,-81
7.719444,-0.0004,-80
7.722222,-0.0004,-80
7.725,-0.000415,-83
7.727778,-0.00042,-84
7.730556,-0.00041,-82
7.733333,-0.000395,-79
7.736111,-0.0004,-80
7.738889,-0.000405,-81
7.741667,-0.000415,-83
7.744444,-0.000435,-87
7.747222,-0.000415,-83
7.75,-0.000415,-83
7.752778,-0.0004,-80
7.755556,-0.000405,-81
7.758333,-0.00042,-84
7.761111,-0.00043,-86
7.763889,-0.000425,-85
7.766667,-0.00041,-82
7.769444,-0.00041,-82
7.772222,-0.000405,-81
7.775,-0.000415,-83
7.777778,-0.000425,-85
7.780556,-0.000425,-85
7.783333,-0.00042,-84
7.786111,-0.00041,-82
7.788889,-0.00041,-82
7.791667,-0.00042,-84
7.794444,-0.00043,-86
7.797222,-0.000425,-85
7.8,-0.00042,-84
7.802778,-0.000405,-81
7.805556,-0.000415,-83
7.808333,-0.00041,-82
7.811111,-0.00041,-82
7.813889,-0.000385,-77
7.816667,-0.00037,-74
7.819444,-0.00036,-72
7.822222,-0.00035,-70
7.825,-0.00035,-70
7.827778,-0.00035,-70
7.830556,-0.000335,-67
7.833333,-0.00032,-64
7.836111,-0.000305,-61
7.838889,-0.000315,-63
7.841667,-0.000315,-63
7.844444,-0.00032,-64
7.847222,-0.000305,-61
7.85,-0.000305,-61
7.852778,-0.000295,-59
7.855556,-0.00029,-58
7.858333,-0.000295,-59
7.861111,-0.000295,-59
7.863889,-0.000285,-57
7.866667,-0.000285,-57
7.869444,-0.00027,-54
7.872222,-0.00028,-56
7.875,-0.00028,-56
7.877778,-0.000295,-59
7.880556,-0.00028,-56
7.883333,-0.000285,-57
7.886111,-0.000275,-55
7.888889,-0.000285,-57
7.891667,-0.000295,-59
7.894444,-0.000305,-61
7.897222,-0.000295,-59
7.9,-0.000285,-57
7.902778,-0.000285,-57
7.905556,-0.00029,-58
7.908333,-0.0003,-60
7.911111,-0.00031,-62
7.913889,-0.000295,-59
7.916667,-0.0003,-60
7.919444,-0.00029,-58
7.922222,-0.000285,-57
7.925,-0.000305,-61
7.927778,-0.00031,-62
7.930556,-0.0003,-60
7.933333,-0.000295,-59
7.936111,-0.000305,-61
7.938889,-0.0003,-60
7.941667,-0.000305,-61
7.944444,-0.00032,-64
7.947222,-0.00032,-64
7.95,-0.00031,-62
7.952778,-0.0003,-60
7.955556,-0.00031,-62
7.958333,-0.00032,-64
7.961111,-0.00034,-68
7.963889,-0.00033,-66
7.966667,-0.00031,-62
7.969444,-0.000315,-63
7.972222,-0.000325,-65
7.975,-0.000325,-65
7.977778,-0.000345,-69
7.980556,-0.00033,-66
7.983333,-0.00032,-64
7.986111,-0.00032,-64
7.988889,-0.000335,-67
7.991667,-0.000335,-67
7.994444,-0.000355,-71
7.997222,-0.00034,-68
8.0,-0.00032,-64
8.002778,-0.000315,-63
8.005556,-0.00033,-66
8.008333,-0.00034,-68
8.011111,-0.00034,-68
8.013889,-0.00035,-70
8.016667,-0.00033,-66
8.019444,-0.00033,-66
8.022222,-0.00034,-68
8.025,-0.00035,-70
8.027778,-0.000355,-71
8.030556,-0.000345,-69
8.033333,-0.000335,-67
8.036111,-0.000335,-67
8.038889,-0.00034,-68
8.041667,-0.00034,-68
8.044444,-0.000345,-69
8.047222,-0.000335,-67
8.05,-0.000335,-67
8.052778,-0.000325,-65
8.055556,-0.000325,-65
8.058333,-0.000335,-67
8.061111,-0.00034,-68
8.063889,-0.00034,-68
8.066667,-0.00032,-64
8.069444,-0.000315,-63
8.072222,-0.00032,-64
8.075,-0.000335,-67
8.077778,-0.000335,-67
8.080556,-0.00032,-64
8.083333,-0.000325,-65
8.086111,-0.000315,-63
8.088889,-0.00032,-64
8.091667,-0.00032,-64
8.094444,-0.000345,-69
8.097222,-0.000335,-67
8.1,-0.00032,-64
8.102778,-0.00031,-62
8.105556,-0.00032,-64
8.108333,-0.00032,-64
8.111111,-0.00034,-68
8.113889,-0.00033,-66
8.116667,-0.00032,-64
8.119444,-0.00031,-62
8.122222,-0.00031,-62
8.125,-0.00031,-62
8.127778,-0.000295,-59
8.130556,-0.00028,-56
8.133333,-0.000255,-51
8.136111,-0.00025,-50
8.138889,-0.00025,-50
8.141667,-0.000255,-51
8.144444,-0.00026,-52
8.147222,-0.00024,-48
8.15,-0.00022,-44
8.152778,-0.00023,-46
8.155556,-0.00023,-46
8.158333,-0.000215,-43
8.161111,-0.00022,-44
8.163889,-0.000225,-45
8.166667,-0.00023,-46
8.169444,-0.00023,-46
8.172222,-0.000235,-47
8.175,-0.000245,-49
8.177778,-0.000255,-51
8.180556,-0.00024,-48
8.183333,-0.000235,-47
8.186111,-0.000245,-49
8.188889,-0.000235,-47
8.191667,-0.00023,-46
8.194444,-0.00022,-44
8.197222,-0.000195,-39
8.2,-0.00022,-44
8.202778,-0.000245,-49
8.205556,-0.00026,-52
8.208333,-0.00027,-54
8.211111,-0.00029,-58
8.213889,-0.0003,-60
8.216667,-0.000305,-61
8.219444,-0.000305,-61
8.222222,-0.00032,-64
8.225,-0.00033,-66
8.227778,-0.00035,-70
8.230556,-0.00035,-70
8.233333,-0.000335,-67
8.236111,-0.000335,-67
8.238889,-0.000335,-67
8.241667,-0.00034,-68
8.244444,-0.00035,-70
8.247222,-0.00035,-70
8.25,-0.000345,-69
8.252778,-0.000335,-67
8.255556,-0.000345,-69
8.258333,-0.000355,-71
8.261111,-0.00037,-74
8.263889,-0.00035,-70
8.266667,-0.000345,-69
8.269444,-0.000335,-67
8.272222,-0.000335,-67
8.275,-0.000335,-67
8.277778,-0.000355,-71
8.280556,-0.000355,-71
8.283333,-0.000345,-69
8.286111,-0.000355,-71
8.288889,-0.000395,-79
8.291667,-0.00045,-90
8.294444,-0.00048,-96
8.297222,-0.000505,-101
8.3,-0.000525,-105
8.302778,-0.000545,-109
8.305556,-0.0005,-100
8.308333,-0.000395,-79
8.311111,-0.000255,-51
8.313889,-7e-05,-14
8.316667,0.000145,29
8.319444,0.000425,85
8.322222,0.000685,137
8.325,0.000875,175
8.327778,0.000925,185
8.330556,0.000795,159
8.333333,0.00047,94
8.336111,2e-05,4
8.338889,-0.000325,-65
8.341667,-0.00047,-94
8.344444,-0.000485,-97
8.347222,-0.00041,-82
8.35,-0.000365,-73
8.352778,-0.000355,-71
8.355556,-0.000365,-73
8.358333,-0.00038,-76
8.361111,-0.000385,-77
8.363889,-0.00038,-76
8.366667,-0.00037,-74
8.369444,-0.00037,-74
8.372222,-0.000375,-75
8.375,-0.000385,-77
8.377778,-0.000395,-79
8.380556,-0.000385,-77
8.383333,-0.00038,-76
8.386111,-0.000385,-77
8.388889,-0.000375,-75
8.391667,-0.00039,-78
8.394444,-0.000405,-81
8.397222,-0.000405,-81
8.4,-0.00039,-78
8.402778,-0.000385,-77
8.405556,-0.000385,-77
8.408333,-0.00039,-78
8.411111,-0.00041,-82
8.413889,-0.0004,-80
8.416667,-0.00039,-78
8.419444,-0.000385,-77
8.422222,-0.000385,-77
8.425,-0.000395,-79
8.427778,-0.00039,-78
8.430556,-0.000395,-79
8.433333,-0.00038,-76
8.436111,-0.000375,-75
8.438889,-0.00038,-76
8.441667,-0.000385,-77
8.444444,-0.0004,-80
8.447222,-0.000385,-77
8.45,-0.00038,-76
8.452778,-0.000375,-75
8.455556,-0.00038,-76
8.458333,-0.000395,-79
8.461111,-0.000395,-79
8.463889,-0.000385,-77
8.466667,-0.000375,-75
8.469444,-0.00037,-74
8.472222,-0.000365,-73
8.475,-0.000385,-77
8.477778,-0.000395,-79
8.480556,-0.000385,-77
8.483333,-0.000385,-77
8.486111,-0.00037,-74
8.488889,-0.000375,-75
8.491667,-0.00037,-74
8.494444,-0.000375,-75
8.497222,-0.000375,-75
8.5,-0.00037,-74
8.502778,-0.000355,-71
8.505556,-0.000365,-73
8.508333,-0.00038,-76
8.511111,-0.000375,-75
8.513889,-0.00037,-74
8.516667,-0.00038,-76
8.519444,-0.000365,-73
8.522222,-0.00037,-74
8.525,-0.000375,-75
8.527778,-0.00039,-78
8.530556,-0.00038,-76
8.533333,-0.000375,-75
8.536111,-0.00038,-76
8.538889,-0.00037,-74
8.541667,-0.000375,-75
8.544444,-0.00038,-76
8.547222,-0.000385,-77
8.55,-0.000385,-77
8.552778,-0.00037,-74
8.555556,-0.000375,-75
8.558333,-0.000375,-75
8.561111,-0.00038,-76
8.563889,-0.00038,-76
8.566667,-0.00038,-76
8.569444,-0.00038,-76
8.572222,-0.000375,-75
8.575,-0.00039,-78
8.577778,-0.000395,-79
8.580556,-0.000385,-77
8.583333,-0.000385,-77
8.586111,-0.000375,-75
8.588889,-0.000375,-75
8.591667,-0.000385,-77
8.594444,-0.000385,-77
8.597222,-0.00039,-78
8.6,-0.00037,-74
8.602778,-0.000365,-73
8.605556,-0.000365,-73
8.608333,-0.000375,-75
8.611111,-0.000385,-77
8.613889,-0.00035,-70
8.616667,-0.000345,-69
8.619444,-0.000325,-65
8.622222,-0.000325,-65
8.625,-0.00033,-66
8.627778,-0.000325,-65
8.630556,-0.000325,-65
8.633333,-0.000315,-63
8.636111,-0.000315,-63
8.638889,-0.000315,-63
8.641667,-0.0003,-60
8.644444,-0.0003,-60
8.647222,-0.000285,-57
8.65,-0.00027,-54
8.652778,-0.000265,-53
8.655556,-0.00026,-52
8.658333,-0.000275,-55
8.661111,-0.000285,-57
8.663889,-0.000265,-53
8.666667,-0.000255,-51
8.669444,-0.00025,-50
8.672222,-0.00027,-54
8.675,-0.00028,-56
8.677778,-0.000285,-57
8.680556,-0.000285,-57
8.683333,-0.00028,-56
8.686111,-0.00027,-54
8.688889,-0.00027,-54
8.691667,-0.00027,-54
8.694444,-0.000285,-57
8.697222,-0.00028,-56
8.7,-0.000275,-55
8.702778,-0.00027,-54
8.705556,-0.000265,-53
8.708333,-0.000275,-55
8.711111,-0.00029,-58
8.713889,-0.000285,-57
8.716667,-0.000285,-57
8.719444,-0.000275,-55
8.722222,-0.00027,-54
8.725,-0.00028,-56
8.727778,-0.000295,-59
8.730556,-0.00028,-56
8.733333,-0.00027,-54
8.736111,-0.00027,-54
8.738889,-0.000275,-55
8.741667,-0.000285,-57
8.744444,-0.0003,-60
8.747222,-0.000295,-59
8.75,-0.00029,-58
8.752778,-0.000295,-59
8.755556,-0.0003,-60
8.758333,-0.00029,-58
8.761111,-0.000305,-61
8.763889,-0.000295,-59
8.766667,-0.00029,-58
8.769444,-0.000295,-59
8.772222,-0.00029,-58
8.775,-0.00031,-62
8.777778,-0.00032,-64
8.780556,-0.000315,-63
8.783333,-0.000315,-63
8.786111,-0.0003,-60
8.788889,-0.000305,-61
8.791667,-0.000315,-63
8.794444,-0.00033,-66
8.797222,-0.00032,-64
8.8,-0.000305,-61
8.802778,-0.000315,-63
8.805556,-0.000305,-61
8.808333,-0.000315,-63
8.811111,-0.000325,-65
8.813889,-0.00031,-62
8.816667,-0.000295,-59
8.819444,-0.0003,-60
8.822222,-0.000305,-61
8.825,-0.00031,-62
8.827778,-0.000325,-65
8.830556,-0.000315,-63
8.833333,-0.000315,-63
8.836111,-0.000305,-61
8.838889,-0.000305,-61
8.841667,-0.000325,-65
8.844444,-0.00032,-64
8.847222,-0.00032,-64
8.85,-0.00031,-62
8.852778,-0.000305,-61
8.855556,-0.00032,-64
8.858333,-0.00032,-64
8.861111,-0.00032,-64
8.863889,-0.00031,-62
8.866667,-0.000305,-61
8.869444,-0.00029,-58
8.872222,-0.000285,-57
8.875,-0.00029,-58
8.877778,-0.000305,-61
8.880556,-0.00031,-62
8.883333,-0.0003,-60
8.886111,-0.0003,-60
8.888889,-0.00031,-62
8.891667,-0.000315,-63
8.894444,-0.000315,-63
8.897222,-0.00031,-62
8.9,-0.000295,-59
8.902778,-0.0003,-60
8.905556,-0.000295,-59
8.908333,-0.000315,-63
8.911111,-0.00031,-62
8.913889,-0.00029,-58
8.916667,-0.000265,-53
8.919444,-0.00024,-48
8.922222,-0.000255,-51
8.925,-0.00024,-48
8.927778,-0.00025,-50
8.930556,-0.000225,-45
8.933333,-0.000225,-45
8.936111,-0.000215,-43
8.938889,-0.00021,-42
8.941667,-0.0002,-40
8.944444,-0.000195,-39
8.947222,-0.000195,-39
8.95,-0.00018,-36
8.952778,-0.000175,-35
8.955556,-0.00018,-36
8.958333,-0.000205,-41
8.961111,-0.000215,-43
8.963889,-0.00021,-42
8.966667,-0.00021,-42
8.969444,-0.00021,-42
8.972222,-0.00021,-42
8.975,-0.000215,-43
8.977778,-0.000225,-45
8.980556,-0.00021,-42
8.983333,-0.00018,-36
8.986111,-0.00017,-34
8.988889,-0.000185,-37
8.991667,-0.00024,-48
8.994444,-0.000255,-51
8.997222,-0.000255,-51
9.0,-0.00027,-54
9.002778,-0.000275,-55
9.005556,-0.000285,-57
9.008333,-0.0003,-60
9.011111,-0.0003,-60
9.013889,-0.000315,-63
9.016667,-0.000305,-61
9.019444,-0.0003,-60
9.022222,-0.000295,-59
9.025,-0.0003,-60
9.027778,-0.000315,-63
9.030556,-0.00031,-62
9.033333,-0.00031,-62
9.036111,-0.0003,-60
9.038889,-0.0003,-60
9.041667,-0.000305,-61
9.044444,-0.000315,-63
9.047222,-0.000325,-65
9.05,-0.00032,-64
9.052778,-0.00032,-64
9.055556,-0.00032,-64
9.058333,-0.000325,-65
9.061111,-0.00034,-68
9.063889,-0.000335,-67
9.066667,-0.000325,-65
9.069444,-0.000315,-63
9.072222,-0.00032,-64
9.075,-0.000345,-69
9.077778,-0.00037,-74
9.080556,-0.000395,-79
9.083333,-0.000425,-85
9.086111,-0.000445,-89
9.088889,-0.000465,-93
9.091667,-0.00051,-102
9.094444,-0.00053,-106
9.097222,-0.000485,-97
9.1,-0.00037,-74
9.102778,-0.000235,-47
9.105556,-9e-05,-18
9.108333,0.000105,21
9.111111,0.000375,75
9.113889,0.000655,131
9.116667,0.00082,164
9.119444,0.000865,173
9.122222,0.000735,147
9.125,0.00045,90
9.127778,6e-05,12
9.130556,-0.00027,-54
9.133333,-0.00043,-86
9.136111,-0.00046,-92
9.138889,-0.000415,-83
9.141667,-0.000385,-77
9.144444,-0.000365,-73
9.147222,-0.000355,-71
9.15,-0.000355,-71
9.152778,-0.000345,-69
9.155556,-0.00035,-70
9.158333,-0.00035,-70
9.161111,-0.00036,-72
9.163889,-0.000345,-69
9.166667,-0.00034,-68
9.169444,-0.00034,-68
9.172222,-0.000335,-67
9.175,-0.000335,-67
9.177778,-0.000355,-71
9.180556,-0.000345,-69
9.183333,-0.00034,-68
9.186111,-0.000335,-67
9.188889,-0.00034,-68
9.191667,-0.00035,-70
9.194444,-0.000365,-73
9.197222,-0.00036,-72
9.2,-0.000365,-73
9.202778,-0.00035,-70
9.205556,-0.000345,-69
9.208333,-0.000365,-73
9.211111,-0.00036,-72
9.213889,-0.00035,-70
9.216667,-0.000355,-71
9.219444,-0.00035,-70
9.222222,-0.000355,-71
9.225,-0.00035,-70
9.227778,-0.00036,-72
9.230556,-0.000335,-67
9.233333,-0.000335,-67
9.236111,-0.00033,-66
9.238889,-0.00034,-68
9.241667,-0.00035,-70
9.244444,-0.00035,-70
9.247222,-0.000345,-69
9.25,-0.000335,-67
9.252778,-0.000345,-69
9.255556,-0.000355,-71
9.258333,-0.000355,-71
9.261111,-0.00037,-74
9.263889,-0.000355,-71
9.266667,-0.00035,-70
9.269444,-0.000345,-69
9.272222,-0.000365,-73
9.275,-0.000365,-73
9.277778,-0.00037,-74
9.280556,-0.000365,-73
9.283333,-0.000355,-71
9.286111,-0.000345,-69
9.288889,-0.000345,-69
9.291667,-0.000345,-69
9.294444,-0.00034,-68
9.297222,-0.000335,-67
9.3,-0.000325,-65
9.302778,-0.000335,-67
9.305556,-0.000345,-69
9.308333,-0.00035,-70
9.311111,-0.00035,-70
9.313889,-0.000355,-71
9.316667,-0.000355,-71
9.319444,-0.00036,-72
9.322222,-0.00035,-70
9.325,-0.00036,-72
9.327778,-0.000365,-73
9.330556,-0.000345,-69
9.333333,-0.000345,-69
9.336111,-0.00033,-66
9.338889,-0.00035,-70
9.341667,-0.000345,-69
9.344444,-0.000355,-71
9.347222,-0.00035,-70
9.35,-0.00034,-68
9.352778,-0.000335,-67
9.355556,-0.00035,-70
9.358333,-0.000365,-73
9.361111,-0.00038,-76
9.363889,-0.000385,-77
9.366667,-0.000355,-71
9.369444,-0.00036,-72
9.372222,-0.000355,-71
9.375,-0.00037,-74
9.377778,-0.000385,-77
9.380556,-0.00037,-74
9.383333,-0.00037,-74
9.386111,-0.00035,-70
9.388889,-0.000345,-69
9.391667,-0.000365,-73
9.394444,-0.000365,-73
9.397222,-0.00036,-72
9.4,-0.000345,-69
9.402778,-0.00033,-66
9.405556,-0.00033,-66
9.408333,-0.00033,-66
9.411111,-0.000335,-67
9.413889,-0.000315,-63
9.416667,-0.00031,-62
9.419444,-0.000285,-57
9.422222,-0.00029,-58
9.425,-0.00029,-58
9.427778,-0.0003,-60
9.430556,-0.00028,-56
9.433333,-0.000275,-55
9.436111,-0.00026,-52
9.438889,-0.00026,-52
9.441667,-0.00027,-54
9.444444,-0.000265,-53
9.447222,-0.000255,-51
9.45,-0.00025,-50
9.452778,-0.000245,-49
9.455556,-0.000245,-49
9.458333,-0.000255,-51
9.461111,-0.000265,-53
9.463889,-0.00026,-52
9.466667,-0.000255,-51
9.469444,-0.00024,-48
9.472222,-0.00025,-50
9.475,-0.000255,-51
9.477778,-0.000275,-55
9.480556,-0.000275,-55
9.483333,-0.000265,-53
9.486111,-0.00027,-54
9.488889,-0.000275,-55
9.491667,-0.00028,-56
9.494444,-0.00029,-58
9.497222,-0.00028,-56
9.5,-0.000275,-55
9.502778,-0.00027,-54
9.505556,-0.00027,-54
9.508333,-0.00028,-56
9.511111,-0.00029,-58
9.513889,-0.00028,-56
9.516667,-0.000285,-57
9.519444,-0.000275,-55
9.522222,-0.00029,-58
9.525,-0.00028,-56
9.527778,-0.00029,-58
9.530556,-0.00028,-56
9.533333,-0.000285,-57
9.536111,-0.000275,-55
9.538889,-0.00028,-56
9.541667,-0.000295,-59
9.544444,-0.000305,-61
9.547222,-0.0003,-60
9.55,-0.0003,-60
9.552778,-0.000305,-61
9.555556,-0.000315,-63
9.558333,-0.00032,-64
9.561111,-0.00031,-62
9.563889,-0.00031,-62
9.566667,-0.0003,-60
9.569444,-0.00031,-62
9.572222,-0.00031,-62
9.575,-0.00032,-64
9.577778,-0.000325,-65
9.580556,-0.00031,-62
9.583333,-0.00032,-64
9.586111,-0.00031,-62
9.588889,-0.00031,-62
9.591667,-0.000315,-63
9.594444,-0.000325,-65
9.597222,-0.000315,-63
9.6,-0.000305,-61
9.602778,-0.000315,-63
9.605556,-0.00031,-62
9.608333,-0.00032,-64
9.611111,-0.000325,-65
9.613889,-0.000325,-65
9.616667,-0.00032,-64
9.619444,-0.000305,-61
9.622222,-0.000305,-61
9.625,-0.0003,-60
9.627778,-0.000315,-63
9.630556,-0.0003,-60
9.633333,-0.00031,-62
9.636111,-0.000315,-63
9.638889,-0.000305,-61
9.641667,-0.00031,-62
9.644444,-0.00032,-64
9.647222,-0.00031,-62
9.65,-0.0003,-60
9.652778,-0.000295,-59
9.655556,-0.0003,-60
9.658333,-0.000315,-63
9.661111,-0.000325,-65
9.663889,-0.000325,-65
9.666667,-0.000305,-61
9.669444,-0.00031,-62
9.672222,-0.00029,-58
9.675,-0.000315,-63
9.677778,-0.000325,-65
9.680556,-0.00032,-64
9.683333,-0.00029,-58
9.686111,-0.00028,-56
9.688889,-0.00026,-52
9.691667,-0.00026,-52
9.694444,-0.000265,-53
9.697222,-0.00026,-52
9.7,-0.00025,-50
9.702778,-0.00023,-46
9.705556,-0.00022,-44
9.708333,-0.00022,-44
9.711111,-0.000235,-47
9.713889,-0.00022,-44
9.716667,-0.000205,-41
9.719444,-0.000205,-41
9.722222,-0.00021,-42
9.725,-0.00021,-42
9.727778,-0.00023,-46
9.730556,-0.00024,-48
9.733333,-0.00023,-46
9.736111,-0.000225,-45
9.738889,-0.000235,-47
9.741667,-0.00025,-50
9.744444,-0.000265,-53
9.747222,-0.00026,-52
9.75,-0.000245,-49
9.752778,-0.000215,-43
9.755556,-0.000215,-43
9.758333,-0.000245,-49
9.761111,-0.00028,-56
9.763889,-0.000275,-55
9.766667,-0.000275,-55
9.769444,-0.000295,-59
9.772222,-0.00031,-62
9.775,-0.000325,-65
9.777778,-0.00034,-68
9.780556,-0.00034,-68
9.783333,-0.000325,-65
9.786111,-0.000315,-63
9.788889,-0.00031,-62
9.791667,-0.000315,-63
9.794444,-0.00033,-66
9.797222,-0.00033,-66
9.8,-0.000325,-65
9.802778,-0.000325,-65
9.805556,-0.000335,-67
9.808333,-0.000345,-69
9.811111,-0.00035,-70
9.813889,-0.00035,-70
9.816667,-0.00035,-70
9.819444,-0.000345,-69
9.822222,-0.00035,-70
9.825,-0.000365,-73
9.827778,-0.00036,-72
9.830556,-0.00035,-70
9.833333,-0.000355,-71
9.836111,-0.000345,-69
9.838889,-0.000345,-69
9.841667,-0.00035,-70
9.844444,-0.000365,-73
9.847222,-0.00038,-76
9.85,-0.000405,-81
9.852778,-0.000425,-85
9.855556,-0.00044,-88
9.858333,-0.00047,-94
9.861111,-0.00052,-104
9.863889,-0.00054,-108
9.866667,-0.00049,-98
9.869444,-0.00039,-78
9.872222,-0.00026,-52
9.875,-0.000115,-23
9.877778,8.5e-05,17
9.880556,0.00036,72
9.883333,0.000615,123
9.886111,0.00078,156
9.888889,0.000835,167
9.891667,0.00072,144
9.894444,0.00041,82
9.897222,3e-05,6
9.9,-0.000255,-51
9.902778,-0.000415,-83
9.905556,-0.00047,-94
9.908333,-0.000465,-93
9.911111,-0.000435,-87
9.913889,-0.000395,-79
9.916667,-0.000375,-75
9.919444,-0.00037,-74
9.922222,-0.000375,-75
9.925,-0.000375,-75
9.927778,-0.00039,-78
9.930556,-0.0004,-80
9.933333,-0.00038,-76
9.936111,-0.000385,-77
9.938889,-0.000385,-77
9.941667,-0.000385,-77
9.944444,-0.000385,-77
9.947222,-0.00037,-74
9.95,-0.00037,-74
9.952778,-0.00036,-72
9.955556,-0.00038,-76
9.958333,-0.00038,-76
9.961111,-0.000385,-77
9.963889,-0.00037,-74
9.966667,-0.00037,-74
9.969444,-0.000365,-73
9.972222,-0.000375,-75
9.975,-0.000385,-77
9.977778,-0.00039,-78
9.980556,-0.00039,-78
9.983333,-0.000385,-77
9.986111,-0.000385,-77
9.988889,-0.000395,-79
9.991667,-0.00039,-78
9.994444,-0.0004,-80
9.997222,-0.000405,-81
